Source,Source type,Destination,Destination type,Last job start time,Last job end time,Last job status,Last job comment,Migrated size (GB),Successful objects,Objects with exceptions,Error objects,Skipped objects,Filtered out objects,Objects with ignored errors,Comment
salle.mont-royal@expretio.com,Resource mailbox,salle.mont-royal@mbuexpretio.onmicrosoft.com,Resource mailbox,2026-05-19 14:43:05 (UTC+00:00),2026-05-19 15:01:10 (UTC+00:00),Exceptions,"Some objects failed in the migration. For additional error details, click on the error tab at the top. Follow the recommendations on how to resolve and try to run the job again.",0.01,582,0,18,260,0,0,
salle.laurier@expretio.com,Resource mailbox,salle.laurier@mbuexpretio.onmicrosoft.com,Resource mailbox,2026-05-19 14:43:28 (UTC+00:00),2026-05-19 16:10:05 (UTC+00:00),Exceptions,"Some objects failed in the migration. For additional error details, click on the error tab at the top. Follow the recommendations on how to resolve and try to run the job again.",0.2,8608,0,203,13332,0,0,
salle.esplanade@expretio.com,Resource mailbox,salle.esplanade@mbuexpretio.onmicrosoft.com,Resource mailbox,2026-05-19 14:43:35 (UTC+00:00),2026-05-19 15:11:07 (UTC+00:00),Exceptions,"Some objects failed in the migration. For additional error details, click on the error tab at the top. Follow the recommendations on how to resolve and try to run the job again.",0.14,4934,0,143,8199,0,0,
xoops@expretio.com,Distribution list,xoops@mbuexpretio.onmicrosoft.com,Distribution list,2026-05-19 14:34:41 (UTC+00:00),2026-05-19 14:35:24 (UTC+00:00),Exceptions,"Some objects failed in the migration. For additional error details, click on the error tab at the top. Follow the recommendations on how to resolve and try to run the job again.",0,8,0,12,0,0,0,
xolab@expretio.com,Distribution list,xolab@mbuexpretio.onmicrosoft.com,Distribution list,2026-05-19 14:35:17 (UTC+00:00),2026-05-19 14:35:43 (UTC+00:00),Exceptions,"Some objects failed in the migration. For additional error details, click on the error tab at the top. Follow the recommendations on how to resolve and try to run the job again.",0,8,0,5,0,0,0,
xoint@expretio.com,Distribution list,xoint@mbuexpretio.onmicrosoft.com,Distribution list,2026-05-19 14:35:17 (UTC+00:00),2026-05-19 14:36:29 (UTC+00:00),Exceptions,"Some objects failed in the migration. For additional error details, click on the error tab at the top. Follow the recommendations on how to resolve and try to run the job again.",0,8,0,39,0,0,0,
tender@expretio.com,Distribution list,tender@mbuexpretio.onmicrosoft.com,Distribution list,2026-05-19 14:35:18 (UTC+00:00),2026-05-19 14:35:54 (UTC+00:00),Exceptions,"Some objects failed in the migration. For additional error details, click on the error tab at the top. Follow the recommendations on how to resolve and try to run the job again.",0,8,0,6,0,0,0,
zendesk-admin@expretio.com,Distribution list,zendesk-admin@mbuexpretio.onmicrosoft.com,Distribution list,2026-05-19 14:35:28 (UTC+00:00),2026-05-19 14:35:49 (UTC+00:00),Exceptions,"Some objects failed in the migration. For additional error details, click on the error tab at the top. Follow the recommendations on how to resolve and try to run the job again.",0,8,0,2,0,0,0,
xocial-comite-social@expretio.com,Distribution list,xocial-comite-social@mbuexpretio.onmicrosoft.com,Distribution list,2026-05-19 14:35:47 (UTC+00:00),2026-05-19 14:36:15 (UTC+00:00),Exceptions,"Some objects failed in the migration. For additional error details, click on the error tab at the top. Follow the recommendations on how to resolve and try to run the job again.",0,8,0,4,0,0,0,
XO-ADOProject@expretio.com,Distribution list,XO-ADOProject@mbuexpretio.onmicrosoft.com,Distribution list,2026-05-19 14:35:48 (UTC+00:00),2026-05-19 14:36:30 (UTC+00:00),Exceptions,"Some objects failed in the migration. For additional error details, click on the error tab at the top. Follow the recommendations on how to resolve and try to run the job again.",0,8,0,9,0,0,0,
xo-xcs-product@expretio.com,Distribution list,xo-xcs-product@mbuexpretio.onmicrosoft.com,Distribution list,2026-05-19 14:35:46 (UTC+00:00),2026-05-19 14:36:10 (UTC+00:00),Exceptions,"Some objects failed in the migration. For additional error details, click on the error tab at the top. Follow the recommendations on how to resolve and try to run the job again.",0,8,0,3,0,0,0,
vilmar.desousa@expretio.com,User mailbox,vilmar.desousa@mbuexpretio.onmicrosoft.com,User mailbox,2026-05-19 14:35:54 (UTC+00:00),2026-05-19 14:52:24 (UTC+00:00),Exceptions,"Some objects failed in the migration. For additional error details, click on the error tab at the top. Follow the recommendations on how to resolve and try to run the job again.",4.29,24940,0,6,91121,0,0,
tomy.boudreault@expretio.com,User mailbox,tomy.boudreault@mbuexpretio.onmicrosoft.com,User mailbox,2026-05-19 14:36:00 (UTC+00:00),2026-05-19 14:37:17 (UTC+00:00),Exceptions,"Some objects failed in the migration. For additional error details, click on the error tab at the top. Follow the recommendations on how to resolve and try to run the job again.",9.79,52310,0,2,60748,0,0,
aliou.sarr@expretio.com,User mailbox,aliou.sarr@mbuexpretio.onmicrosoft.com,User mailbox,2026-05-19 14:36:18 (UTC+00:00),2026-05-19 14:37:51 (UTC+00:00),Exceptions,"Some objects failed in the migration. For additional error details, click on the error tab at the top. Follow the recommendations on how to resolve and try to run the job again.",17.56,23410,0,3,79859,0,0,
alexandre.talens@expretio.com,User mailbox,alexandre.talens@mbuexpretio.onmicrosoft.com,User mailbox,2026-05-19 14:36:19 (UTC+00:00),2026-05-19 14:38:13 (UTC+00:00),Exceptions,"Some objects failed in the migration. For additional error details, click on the error tab at the top. Follow the recommendations on how to resolve and try to run the job again.",10.96,70699,0,4,81696,0,0,
adrien.dessinges@expretio.com,User mailbox,adrien.dessinges@mbuexpretio.onmicrosoft.com,User mailbox,2026-05-19 14:36:34 (UTC+00:00),2026-05-19 14:38:02 (UTC+00:00),Exceptions,"Some objects failed in the migration. For additional error details, click on the error tab at the top. Follow the recommendations on how to resolve and try to run the job again.",10.07,69333,0,3,79157,0,0,
support-sj@expretio.com,Distribution list,support-sj@mbuexpretio.onmicrosoft.com,Distribution list,2026-05-19 14:36:49 (UTC+00:00),2026-05-19 14:37:27 (UTC+00:00),Exceptions,"Some objects failed in the migration. For additional error details, click on the error tab at the top. Follow the recommendations on how to resolve and try to run the job again.",0,8,0,11,0,0,0,
support-scotrail-ext@expretio.com,Distribution list,support-scotrail-ext@mbuexpretio.onmicrosoft.com,Distribution list,2026-05-19 07:00:49 (UTC+00:00),2026-05-19 07:01:17 (UTC+00:00),Finished,,0,8,0,0,0,0,0,
support-scotrail@expretio.com,Distribution list,support-scotrail@mbuexpretio.onmicrosoft.com,Distribution list,2026-05-19 14:36:47 (UTC+00:00),2026-05-19 14:37:23 (UTC+00:00),Exceptions,"Some objects failed in the migration. For additional error details, click on the error tab at the top. Follow the recommendations on how to resolve and try to run the job again.",0,8,0,11,0,0,0,
anissa.achaoui@expretio.com,User mailbox,anissa.achaoui@mbuexpretio.onmicrosoft.com,User mailbox,2026-05-19 14:36:47 (UTC+00:00),2026-05-19 14:38:00 (UTC+00:00),Exceptions,"Some objects failed in the migration. For additional error details, click on the error tab at the top. Follow the recommendations on how to resolve and try to run the job again.",5.38,38063,0,5,76436,0,0,
andres.cardenas@expretio.com,User mailbox,andres.cardenas@mbuexpretio.onmicrosoft.com,User mailbox,2026-05-19 14:36:48 (UTC+00:00),2026-05-19 14:38:07 (UTC+00:00),Exceptions,"Some objects failed in the migration. For additional error details, click on the error tab at the top. Follow the recommendations on how to resolve and try to run the job again.",0.99,4682,0,5,1,0,0,
xohr@expretio.com,Distribution list,xohr@mbuexpretio.onmicrosoft.com,Distribution list,2026-05-19 14:37:18 (UTC+00:00),2026-05-19 14:37:45 (UTC+00:00),Exceptions,"Some objects failed in the migration. For additional error details, click on the error tab at the top. Follow the recommendations on how to resolve and try to run the job again.",0,8,0,2,0,0,0,
xogui@expretio.com,Distribution list,xogui@mbuexpretio.onmicrosoft.com,Distribution list,2026-05-19 14:37:21 (UTC+00:00),2026-05-19 14:37:45 (UTC+00:00),Exceptions,"Some objects failed in the migration. For additional error details, click on the error tab at the top. Follow the recommendations on how to resolve and try to run the job again.",0,8,0,2,0,0,0,
yan.laporte@expretio.com,User mailbox,yan.laporte@mbuexpretio.onmicrosoft.com,User mailbox,2026-05-19 14:37:21 (UTC+00:00),2026-05-19 14:38:48 (UTC+00:00),Exceptions,"Some objects failed in the migration. For additional error details, click on the error tab at the top. Follow the recommendations on how to resolve and try to run the job again.",27.77,115266,0,2,78760,0,0,
wassim.khene@expretio.com,User mailbox,wassim.khene@mbuexpretio.onmicrosoft.com,User mailbox,2026-05-24 11:21:09 (UTC+00:00),2026-05-24 11:30:18 (UTC+00:00),Exceptions,"Some objects failed in the migration. For additional error details, click on the error tab at the top. Follow the recommendations on how to resolve and try to run the job again.",51,205890,0,126,102920,0,0,
vitaliy.begmenko@expretio.com,User mailbox,vitaliy.begmenko@mbuexpretio.onmicrosoft.com,User mailbox,2026-05-19 14:37:21 (UTC+00:00),2026-05-19 14:38:41 (UTC+00:00),Exceptions,"Some objects failed in the migration. For additional error details, click on the error tab at the top. Follow the recommendations on how to resolve and try to run the job again.",4.8,19503,0,5,1,0,0,
evelyn.lopezgomez@expretio.com,User mailbox,evelyn.lopezgomez@mbuexpretio.onmicrosoft.com,User mailbox,2026-05-19 14:37:22 (UTC+00:00),2026-05-19 14:38:22 (UTC+00:00),Exceptions,"Some objects failed in the migration. For additional error details, click on the error tab at the top. Follow the recommendations on how to resolve and try to run the job again.",0.37,2035,0,2,1,0,0,
eric.nordling@expretio.com,User mailbox,eric.nordling@mbuexpretio.onmicrosoft.com,User mailbox,2026-05-19 14:37:21 (UTC+00:00),2026-05-19 14:38:29 (UTC+00:00),Exceptions,"Some objects failed in the migration. For additional error details, click on the error tab at the top. Follow the recommendations on how to resolve and try to run the job again.",3.11,14933,0,9,1,0,0,
emile.jacques@expretio.com,User mailbox,emile.jacques@mbuexpretio.onmicrosoft.com,User mailbox,2026-05-19 14:37:22 (UTC+00:00),2026-05-19 14:43:21 (UTC+00:00),Exceptions,"Some objects failed in the migration. For additional error details, click on the error tab at the top. Follow the recommendations on how to resolve and try to run the job again.",0.02,294,0,1,1,0,0,
dominique.ryffranck@expretio.com,User mailbox,dominique.ryffranck@mbuexpretio.onmicrosoft.com,User mailbox,2026-05-19 14:37:19 (UTC+00:00),2026-05-19 14:39:58 (UTC+00:00),Exceptions,"Some objects failed in the migration. For additional error details, click on the error tab at the top. Follow the recommendations on how to resolve and try to run the job again.",15.24,41731,0,6,1,0,0,
dihia.salhi@expretio.com,User mailbox,dihia.salhi@mbuexpretio.onmicrosoft.com,User mailbox,2026-05-19 14:37:22 (UTC+00:00),2026-05-19 14:38:26 (UTC+00:00),Exceptions,"Some objects failed in the migration. For additional error details, click on the error tab at the top. Follow the recommendations on how to resolve and try to run the job again.",0.12,961,0,2,1,0,0,
christian.bourque@expretio.com,User mailbox,christian.bourque@mbuexpretio.onmicrosoft.com,User mailbox,2026-05-19 14:37:22 (UTC+00:00),2026-05-19 14:42:50 (UTC+00:00),Exceptions,"Some objects failed in the migration. For additional error details, click on the error tab at the top. Follow the recommendations on how to resolve and try to run the job again.",49.65,296372,0,25,162807,0,0,
celine.diep@expretio.com,User mailbox,celine.diep@mbuexpretio.onmicrosoft.com,User mailbox,2026-05-19 14:37:22 (UTC+00:00),2026-05-19 14:38:52 (UTC+00:00),Exceptions,"Some objects failed in the migration. For additional error details, click on the error tab at the top. Follow the recommendations on how to resolve and try to run the job again.",2.58,19032,0,2,1,0,0,
antoine.lange@expretio.com,User mailbox,antoine.lange@mbuexpretio.onmicrosoft.com,User mailbox,2026-05-19 14:37:22 (UTC+00:00),2026-05-19 14:40:20 (UTC+00:00),Exceptions,"Some objects failed in the migration. For additional error details, click on the error tab at the top. Follow the recommendations on how to resolve and try to run the job again.",13.66,91883,0,45,302513,0,0,
salle.clark@expretio.com,Resource mailbox,salle.clark@mbuexpretio.onmicrosoft.com,Resource mailbox,2026-05-19 14:44:41 (UTC+00:00),2026-05-19 15:03:21 (UTC+00:00),Exceptions,"Some objects failed in the migration. For additional error details, click on the error tab at the top. Follow the recommendations on how to resolve and try to run the job again.",0.01,746,0,3,30,0,0,
valerian.fermi@expretio.com,User mailbox,valerian.fermi@mbuexpretio.onmicrosoft.com,User mailbox,2026-05-19 14:37:22 (UTC+00:00),2026-05-19 14:39:00 (UTC+00:00),Exceptions,"Some objects failed in the migration. For additional error details, click on the error tab at the top. Follow the recommendations on how to resolve and try to run the job again.",5.81,58787,0,2,158303,0,0,
RHExpretio@expretio.com,Resource mailbox,RH@mbuexpretio.onmicrosoft.com,Resource mailbox,2026-05-19 14:42:54 (UTC+00:00),2026-05-19 15:00:21 (UTC+00:00),Exceptions,"Some objects failed in the migration. For additional error details, click on the error tab at the top. Follow the recommendations on how to resolve and try to run the job again.", < 0.01,102,0,2,1,0,0,
plateau.projet@expretio.com,Resource mailbox,plateau.projet@mbuexpretio.onmicrosoft.com,Resource mailbox,2026-05-19 14:43:04 (UTC+00:00),2026-05-19 15:29:12 (UTC+00:00),Exceptions,"Some objects failed in the migration. For additional error details, click on the error tab at the top. Follow the recommendations on how to resolve and try to run the job again.",0.03,2062,0,2,1431,0,0,
xoext@expretio.com,Distribution list,xoext@mbuexpretio.onmicrosoft.com,Distribution list,2026-05-19 14:37:29 (UTC+00:00),2026-05-19 14:37:55 (UTC+00:00),Exceptions,"Some objects failed in the migration. For additional error details, click on the error tab at the top. Follow the recommendations on how to resolve and try to run the job again.",0,8,0,3,0,0,0,
xoekran@expretio.com,Distribution list,xoekran@mbuexpretio.onmicrosoft.com,Distribution list,2026-05-19 07:01:31 (UTC+00:00),2026-05-19 07:01:58 (UTC+00:00),Finished,,0,8,0,0,0,0,0,
support-hex-ext@expretio.com,Distribution list,support-hex-ext@mbuexpretio.onmicrosoft.com,Distribution list,2026-05-19 07:01:42 (UTC+00:00),2026-05-19 07:02:14 (UTC+00:00),Finished,,0,8,0,0,0,0,0,
support-hex@expretio.com,Distribution list,support-hex@mbuexpretio.onmicrosoft.com,Distribution list,2026-05-19 14:37:30 (UTC+00:00),2026-05-19 14:38:08 (UTC+00:00),Exceptions,"Some objects failed in the migration. For additional error details, click on the error tab at the top. Follow the recommendations on how to resolve and try to run the job again.",0,8,0,13,0,0,0,
xo-ci-appia-tasks@expretio.com,Distribution list,xo-ci-appia-tasks@mbuexpretio.onmicrosoft.com,Distribution list,2026-05-19 14:37:50 (UTC+00:00),2026-05-19 14:38:16 (UTC+00:00),Exceptions,"Some objects failed in the migration. For additional error details, click on the error tab at the top. Follow the recommendations on how to resolve and try to run the job again.",0,8,0,5,0,0,0,
xobatch-summary@expretio.com,Distribution list,xobatch-summary@mbuexpretio.onmicrosoft.com,Distribution list,2026-05-19 14:37:51 (UTC+00:00),2026-05-19 14:38:16 (UTC+00:00),Exceptions,"Some objects failed in the migration. For additional error details, click on the error tab at the top. Follow the recommendations on how to resolve and try to run the job again.",0,8,0,1,0,0,0,
xobatch-elipsos@expretio.com,Distribution list,xobatch-elipsos@mbuexpretio.onmicrosoft.com,Distribution list,2026-05-19 14:37:51 (UTC+00:00),2026-05-19 14:38:11 (UTC+00:00),Exceptions,"Some objects failed in the migration. For additional error details, click on the error tab at the top. Follow the recommendations on how to resolve and try to run the job again.",0,8,0,1,0,0,0,
xobatch-dev@expretio.com,Distribution list,xobatch-dev@mbuexpretio.onmicrosoft.com,Distribution list,2026-05-19 14:37:52 (UTC+00:00),2026-05-19 14:38:18 (UTC+00:00),Exceptions,"Some objects failed in the migration. For additional error details, click on the error tab at the top. Follow the recommendations on how to resolve and try to run the job again.",0,8,0,5,0,0,0,
xobatch@expretio.com,Distribution list,xobatch@mbuexpretio.onmicrosoft.com,Distribution list,2026-05-19 14:37:55 (UTC+00:00),2026-05-19 14:38:26 (UTC+00:00),Exceptions,"Some objects failed in the migration. For additional error details, click on the error tab at the top. Follow the recommendations on how to resolve and try to run the job again.",0,8,0,6,0,0,0,
xobackup@expretio.com,Distribution list,xobackup@mbuexpretio.onmicrosoft.com,Distribution list,2026-05-19 14:37:55 (UTC+00:00),2026-05-19 14:38:23 (UTC+00:00),Exceptions,"Some objects failed in the migration. For additional error details, click on the error tab at the top. Follow the recommendations on how to resolve and try to run the job again.",0,8,0,4,0,0,0,
simon.lariviere@expretio.com,User mailbox,simon.lariviere@mbuexpretio.onmicrosoft.com,User mailbox,2026-05-19 14:37:58 (UTC+00:00),2026-05-19 14:40:16 (UTC+00:00),Exceptions,"Some objects failed in the migration. For additional error details, click on the error tab at the top. Follow the recommendations on how to resolve and try to run the job again.",4.46,40831,0,2,21418,0,0,
rudy.vaschalde@expretio.com,User mailbox,rudy.vaschalde@mbuexpretio.onmicrosoft.com,User mailbox,2026-05-19 14:37:58 (UTC+00:00),2026-05-19 14:39:06 (UTC+00:00),Exceptions,"Some objects failed in the migration. For additional error details, click on the error tab at the top. Follow the recommendations on how to resolve and try to run the job again.",0.29,2516,0,2,1,0,0,
pino.silvaggio@expretio.com,User mailbox,pino.silvaggio@mbuexpretio.onmicrosoft.com,User mailbox,2026-05-19 14:37:59 (UTC+00:00),2026-05-19 14:40:07 (UTC+00:00),Exceptions,"Some objects failed in the migration. For additional error details, click on the error tab at the top. Follow the recommendations on how to resolve and try to run the job again.",43.89,159135,0,1,85122,0,0,
philippe.lamy@expretio.com,User mailbox,philippe.lamy@mbuexpretio.onmicrosoft.com,User mailbox,2026-05-20 18:09:33 (UTC+00:00),2026-05-20 18:11:42 (UTC+00:00),Finished,,50.28,175822,0,0,0,0,0,
peter.cramon@expretio.com,User mailbox,peter.cramon@mbuexpretio.onmicrosoft.com,User mailbox,2026-05-19 14:37:58 (UTC+00:00),2026-05-19 14:39:06 (UTC+00:00),Exceptions,"Some objects failed in the migration. For additional error details, click on the error tab at the top. Follow the recommendations on how to resolve and try to run the job again.",4.23,16602,0,4,1,0,0,
paula.feinberg@expretio.com,User mailbox,paula.feinberg@mbuexpretio.onmicrosoft.com,User mailbox,2026-05-19 14:38:00 (UTC+00:00),2026-05-19 14:39:56 (UTC+00:00),Exceptions,"Some objects failed in the migration. For additional error details, click on the error tab at the top. Follow the recommendations on how to resolve and try to run the job again.",14.56,51801,0,10,13670,0,0,
paolo.riccardi@expretio.com,User mailbox,paolo.riccardi@mbuexpretio.onmicrosoft.com,User mailbox,2026-05-19 14:37:59 (UTC+00:00),2026-05-19 14:39:31 (UTC+00:00),Exceptions,"Some objects failed in the migration. For additional error details, click on the error tab at the top. Follow the recommendations on how to resolve and try to run the job again.",6.06,35224,0,14,34742,0,0,
olivier.drolet@expretio.com,User mailbox,olivier.drolet@mbuexpretio.onmicrosoft.com,User mailbox,2026-05-19 14:38:01 (UTC+00:00),2026-05-19 14:39:19 (UTC+00:00),Exceptions,"Some objects failed in the migration. For additional error details, click on the error tab at the top. Follow the recommendations on how to resolve and try to run the job again.",24.4,63317,0,2,73979,0,0,
nikolai.olekhnovitch@expretio.com,User mailbox,nikolai.olekhnovitch@mbuexpretio.onmicrosoft.com,User mailbox,2026-05-19 14:38:04 (UTC+00:00),2026-05-19 14:38:53 (UTC+00:00),Exceptions,"Some objects failed in the migration. For additional error details, click on the error tab at the top. Follow the recommendations on how to resolve and try to run the job again.",0.73,5021,0,2,1,0,0,
maxime.tanesie@expretio.com,User mailbox,maxime.tanesie@mbuexpretio.onmicrosoft.com,User mailbox,2026-05-19 14:38:10 (UTC+00:00),2026-05-19 14:39:17 (UTC+00:00),Exceptions,"Some objects failed in the migration. For additional error details, click on the error tab at the top. Follow the recommendations on how to resolve and try to run the job again.",0.99,8436,0,3,123313,0,0,
maude.ducharme@expretio.com,User mailbox,maude.ducharme@mbuexpretio.onmicrosoft.com,User mailbox,2026-05-19 14:38:10 (UTC+00:00),2026-05-19 14:39:23 (UTC+00:00),Exceptions,"Some objects failed in the migration. For additional error details, click on the error tab at the top. Follow the recommendations on how to resolve and try to run the job again.",0.11,1005,0,2,1,0,0,
matthieu.gerard@expretio.com,User mailbox,matthieu.gerard@mbuexpretio.onmicrosoft.com,User mailbox,2026-05-24 11:21:10 (UTC+00:00),2026-05-24 11:30:35 (UTC+00:00),Exceptions,"Some objects failed in the migration. For additional error details, click on the error tab at the top. Follow the recommendations on how to resolve and try to run the job again.",49.4,341668,0,456,245883,0,0,
marial.suppa@expretio.com,User mailbox,marial.suppa@mbuexpretio.onmicrosoft.com,User mailbox,2026-05-19 14:38:11 (UTC+00:00),2026-05-19 14:39:40 (UTC+00:00),Exceptions,"Some objects failed in the migration. For additional error details, click on the error tab at the top. Follow the recommendations on how to resolve and try to run the job again.",6.38,31439,0,31,1,0,0,
marc-andre.charest@expretio.com,User mailbox,marc-andre.charest@mbuexpretio.onmicrosoft.com,User mailbox,2026-05-19 14:38:18 (UTC+00:00),2026-05-19 14:40:41 (UTC+00:00),Finished,,50.15,140544,0,0,0,0,0,
kevin.bonnard@expretio.com,User mailbox,kevin.bonnard@mbuexpretio.onmicrosoft.com,User mailbox,2026-05-19 14:38:22 (UTC+00:00),2026-05-19 14:39:52 (UTC+00:00),Exceptions,"Some objects failed in the migration. For additional error details, click on the error tab at the top. Follow the recommendations on how to resolve and try to run the job again.",8.35,63630,0,2,138849,0,0,
karim.perezmartinez@expretio.com,User mailbox,karim.perezmartinez@mbuexpretio.onmicrosoft.com,User mailbox,2026-05-19 14:38:22 (UTC+00:00),2026-05-19 14:39:16 (UTC+00:00),Exceptions,"Some objects failed in the migration. For additional error details, click on the error tab at the top. Follow the recommendations on how to resolve and try to run the job again.",3.12,16162,0,3,14464,0,0,
julien.kasmi@expretio.com,User mailbox,julien.kasmi@mbuexpretio.onmicrosoft.com,User mailbox,2026-05-19 14:38:22 (UTC+00:00),2026-05-19 14:39:31 (UTC+00:00),Exceptions,"Some objects failed in the migration. For additional error details, click on the error tab at the top. Follow the recommendations on how to resolve and try to run the job again.",0.4,3260,0,3,1,0,0,
hugo.perronnet@expretio.com,User mailbox,hugo.perronnet@mbuexpretio.onmicrosoft.com,User mailbox,2026-05-19 14:38:25 (UTC+00:00),2026-05-19 14:39:38 (UTC+00:00),Exceptions,"Some objects failed in the migration. For additional error details, click on the error tab at the top. Follow the recommendations on how to resolve and try to run the job again.",1.22,14325,0,2,54947,0,0,
guillaume.thibodeau@expretio.com,User mailbox,guillaume.thibodeau@mbuexpretio.onmicrosoft.com,User mailbox,2026-05-19 14:38:25 (UTC+00:00),2026-05-19 14:51:03 (UTC+00:00),Exceptions,"Some objects failed in the migration. For additional error details, click on the error tab at the top. Follow the recommendations on how to resolve and try to run the job again.",14.36,52720,0,123,1,0,0,
gabriel.landry@expretio.com,User mailbox,gabriel.landry@mbuexpretio.onmicrosoft.com,User mailbox,2026-05-19 14:38:24 (UTC+00:00),2026-05-19 14:39:09 (UTC+00:00),Exceptions,"Some objects failed in the migration. For additional error details, click on the error tab at the top. Follow the recommendations on how to resolve and try to run the job again.",0.03,376,0,1,1,0,0,
frederick.tremblay-fassler@expretio.com,User mailbox,frederick.tremblay-fassler@mbuexpretio.onmicrosoft.com,User mailbox,2026-05-24 11:21:09 (UTC+00:00),2026-05-24 11:24:27 (UTC+00:00),Exceptions,"Some objects failed in the migration. For additional error details, click on the error tab at the top. Follow the recommendations on how to resolve and try to run the job again.",50.04,126755,0,288,1,0,0,
franck.arisdakessian@expretio.com,User mailbox,franck.arisdakessian@mbuexpretio.onmicrosoft.com,User mailbox,2026-05-19 14:38:29 (UTC+00:00),2026-05-19 14:40:33 (UTC+00:00),Exceptions,"Some objects failed in the migration. For additional error details, click on the error tab at the top. Follow the recommendations on how to resolve and try to run the job again.",15.02,112342,0,2,116575,0,0,
MobilityADO-Project@expretio.com,Distribution list,MobilityADO-Project@mbuexpretio.onmicrosoft.com,Distribution list,2026-05-19 14:38:28 (UTC+00:00),2026-05-19 14:38:51 (UTC+00:00),Exceptions,"Some objects failed in the migration. For additional error details, click on the error tab at the top. Follow the recommendations on how to resolve and try to run the job again.",0,8,0,1,0,0,0,
marketing@expretio.com,Distribution list,marketing@mbuexpretio.onmicrosoft.com,Distribution list,2026-05-19 14:38:32 (UTC+00:00),2026-05-19 14:38:59 (UTC+00:00),Exceptions,"Some objects failed in the migration. For additional error details, click on the error tab at the top. Follow the recommendations on how to resolve and try to run the job again.",0,8,0,1,0,0,0,
expretio.itworkdaynotifications@expretio.com,Distribution list,expretio.itworkdaynotifications@mbuexpretio.onmicrosoft.com,Distribution list,2026-05-19 14:38:38 (UTC+00:00),2026-05-19 14:39:10 (UTC+00:00),Exceptions,"Some objects failed in the migration. For additional error details, click on the error tab at the top. Follow the recommendations on how to resolve and try to run the job again.",0,8,0,3,0,0,0,
invoices@expretio.com,Distribution list,invoices@mbuexpretio.onmicrosoft.com,Distribution list,2026-05-19 14:38:49 (UTC+00:00),2026-05-19 14:39:10 (UTC+00:00),Exceptions,"Some objects failed in the migration. For additional error details, click on the error tab at the top. Follow the recommendations on how to resolve and try to run the job again.",0,8,0,1,0,0,0,
info@expretio.com,Distribution list,info@mbuexpretio.onmicrosoft.com,Distribution list,2026-05-19 14:38:54 (UTC+00:00),2026-05-19 14:39:25 (UTC+00:00),Exceptions,"Some objects failed in the migration. For additional error details, click on the error tab at the top. Follow the recommendations on how to resolve and try to run the job again.",0,8,0,6,0,0,0,
fax@expretio.com,Distribution list,fax@mbuexpretio.onmicrosoft.com,Distribution list,2026-05-19 07:01:52 (UTC+00:00),2026-05-19 07:02:16 (UTC+00:00),Finished,,0,8,0,0,0,0,0,
respdoc360@expretio.com,Distribution list,respdoc360@mbuexpretio.onmicrosoft.com,Distribution list,2026-05-19 14:38:54 (UTC+00:00),2026-05-19 14:39:22 (UTC+00:00),Exceptions,"Some objects failed in the migration. For additional error details, click on the error tab at the top. Follow the recommendations on how to resolve and try to run the job again.",0,8,0,4,0,0,0,
deployment-thalys@expretio.com,Distribution list,deployment-thalys@mbuexpretio.onmicrosoft.com,Distribution list,2026-05-19 14:38:56 (UTC+00:00),2026-05-19 14:39:21 (UTC+00:00),Exceptions,"Some objects failed in the migration. For additional error details, click on the error tab at the top. Follow the recommendations on how to resolve and try to run the job again.",0,8,0,3,0,0,0,
xocrm@expretio.com,Distribution list,xocrm@mbuexpretio.onmicrosoft.com,Distribution list,2026-05-19 14:38:56 (UTC+00:00),2026-05-19 14:39:43 (UTC+00:00),Exceptions,"Some objects failed in the migration. For additional error details, click on the error tab at the top. Follow the recommendations on how to resolve and try to run the job again.",0,8,0,20,0,0,0,
commercial@expretio.com,Distribution list,commercial@mbuexpretio.onmicrosoft.com,Distribution list,2026-05-19 07:02:14 (UTC+00:00),2026-05-19 07:02:42 (UTC+00:00),Finished,,0,8,0,0,0,0,0,
client-services@expretio.com,Distribution list,client-services@mbuexpretio.onmicrosoft.com,Distribution list,2026-05-19 14:38:56 (UTC+00:00),2026-05-19 14:39:20 (UTC+00:00),Exceptions,"Some objects failed in the migration. For additional error details, click on the error tab at the top. Follow the recommendations on how to resolve and try to run the job again.",0,8,0,4,0,0,0,
careers@expretio.com,Distribution list,careers@mbuexpretio.onmicrosoft.com,Distribution list,2026-05-19 14:38:54 (UTC+00:00),2026-05-19 14:39:18 (UTC+00:00),Exceptions,"Some objects failed in the migration. For additional error details, click on the error tab at the top. Follow the recommendations on how to resolve and try to run the job again.",0,8,0,2,0,0,0,
mbexpretiolan@expretio.com,Mail-enabled security group,mbexpretiolan@mbuexpretio.onmicrosoft.com,Mail-enabled security group,2026-05-22 11:28:01 (UTC+00:00),2026-05-22 11:28:39 (UTC+00:00),Exceptions,"Some objects failed in the migration. For additional error details, click on the error tab at the top. Follow the recommendations on how to resolve and try to run the job again.",0,8,0,3,0,0,0,
mbexpreaccpay@expretio.com,Mail-enabled security group,mbexpreaccpay@mbuexpretio.onmicrosoft.com,Mail-enabled security group,2026-05-22 11:27:56 (UTC+00:00),2026-05-22 11:28:26 (UTC+00:00),Exceptions,"Some objects failed in the migration. For additional error details, click on the error tab at the top. Follow the recommendations on how to resolve and try to run the job again.",0,8,0,1,0,0,0,
MBExPretioPlannerMailboxAccess@volgrp.com,Mail-enabled security group,MBExPretioPlannerMailboxAccess@mbuexpretio.onmicrosoft.com,Mail-enabled security group,2026-05-22 11:27:20 (UTC+00:00),2026-05-22 11:28:14 (UTC+00:00),Exceptions,"Some objects failed in the migration. For additional error details, click on the error tab at the top. Follow the recommendations on how to resolve and try to run the job again.",0,8,0,12,0,0,0,
bureau@expretio.com,Distribution list,bureau@mbuexpretio.onmicrosoft.com,Distribution list,2026-05-19 14:38:57 (UTC+00:00),2026-05-19 14:39:27 (UTC+00:00),Exceptions,"Some objects failed in the migration. For additional error details, click on the error tab at the top. Follow the recommendations on how to resolve and try to run the job again.",0,8,0,6,0,0,0,
billing@expretio.com,Distribution list,billing@mbuexpretio.onmicrosoft.com,Distribution list,2026-05-19 14:38:57 (UTC+00:00),2026-05-19 14:39:25 (UTC+00:00),Exceptions,"Some objects failed in the migration. For additional error details, click on the error tab at the top. Follow the recommendations on how to resolve and try to run the job again.",0,8,0,7,0,0,0,
Betterez-ADOProject@expretio.com,Distribution list,Betterez-ADOProject@mbuexpretio.onmicrosoft.com,Distribution list,2026-05-19 14:39:00 (UTC+00:00),2026-05-19 14:39:23 (UTC+00:00),Exceptions,"Some objects failed in the migration. For additional error details, click on the error tab at the top. Follow the recommendations on how to resolve and try to run the job again.",0,8,0,1,0,0,0,
support-elipsos_intl@expretio.com,Distribution list,support-elipsos_intl@mbuexpretio.onmicrosoft.com,Distribution list,2026-05-19 14:39:03 (UTC+00:00),2026-05-19 14:39:26 (UTC+00:00),Exceptions,"Some objects failed in the migration. For additional error details, click on the error tab at the top. Follow the recommendations on how to resolve and try to run the job again.",0,8,0,1,0,0,0,
support-elipsos_corm-ext@expretio.com,Distribution list,support-elipsos_corm-ext@mbuexpretio.onmicrosoft.com,Distribution list,2026-05-19 07:02:19 (UTC+00:00),2026-05-19 07:02:46 (UTC+00:00),Finished,,0,8,0,0,0,0,0,
support-elipsos_corm@expretio.com,Distribution list,support-elipsos_corm@mbuexpretio.onmicrosoft.com,Distribution list,2026-05-19 14:39:06 (UTC+00:00),2026-05-19 14:39:39 (UTC+00:00),Exceptions,"Some objects failed in the migration. For additional error details, click on the error tab at the top. Follow the recommendations on how to resolve and try to run the job again.",0,8,0,13,0,0,0,
support-cs-ext@expretio.com,Distribution list,support-cs-ext@mbuexpretio.onmicrosoft.com,Distribution list,2026-05-19 07:02:21 (UTC+00:00),2026-05-19 07:02:50 (UTC+00:00),Finished,,0,8,0,0,0,0,0,
support-cs@expretio.com,Distribution list,support-cs@mbuexpretio.onmicrosoft.com,Distribution list,2026-05-19 14:39:12 (UTC+00:00),2026-05-19 14:39:50 (UTC+00:00),Exceptions,"Some objects failed in the migration. For additional error details, click on the error tab at the top. Follow the recommendations on how to resolve and try to run the job again.",0,8,0,10,0,0,0,
xo-dev-front-web@expretio.com,Distribution list,xo-dev-front-web@mbuexpretio.onmicrosoft.com,Distribution list,2026-05-19 14:39:17 (UTC+00:00),2026-05-19 14:39:45 (UTC+00:00),Exceptions,"Some objects failed in the migration. For additional error details, click on the error tab at the top. Follow the recommendations on how to resolve and try to run the job again.",0,8,0,4,0,0,0,
xo-dev-appia-vikings@expretio.com,Distribution list,xo-dev-appia-vikings@mbuexpretio.onmicrosoft.com,Distribution list,2026-05-19 14:39:18 (UTC+00:00),2026-05-19 14:39:58 (UTC+00:00),Exceptions,"Some objects failed in the migration. For additional error details, click on the error tab at the top. Follow the recommendations on how to resolve and try to run the job again.",0,8,0,10,0,0,0,
xo-dev-appia-pirates@expretio.com,Distribution list,xo-dev-appia-pirates@mbuexpretio.onmicrosoft.com,Distribution list,2026-05-19 14:39:15 (UTC+00:00),2026-05-19 14:39:52 (UTC+00:00),Exceptions,"Some objects failed in the migration. For additional error details, click on the error tab at the top. Follow the recommendations on how to resolve and try to run the job again.",0,8,0,10,0,0,0,
notifications@expretio.com,Shared mailbox,notifications@mbuexpretio.onmicrosoft.com,Shared mailbox,2026-05-19 14:44:43 (UTC+00:00),2026-05-19 15:18:32 (UTC+00:00),Exceptions,"Some objects failed in the migration. For additional error details, click on the error tab at the top. Follow the recommendations on how to resolve and try to run the job again.",0.53,1515,0,10,1,0,0,
xosupport@expretio.com,Distribution list,xosupport@mbuexpretio.onmicrosoft.com,Distribution list,2026-05-19 14:39:16 (UTC+00:00),2026-05-19 14:39:45 (UTC+00:00),Exceptions,"Some objects failed in the migration. For additional error details, click on the error tab at the top. Follow the recommendations on how to resolve and try to run the job again.",0,8,0,5,0,0,0,
xodev@expretio.com,Distribution list,xodev@mbuexpretio.onmicrosoft.com,Distribution list,2026-05-19 14:39:21 (UTC+00:00),2026-05-19 14:40:15 (UTC+00:00),Exceptions,"Some objects failed in the migration. For additional error details, click on the error tab at the top. Follow the recommendations on how to resolve and try to run the job again.",0,8,0,28,0,0,0,
xodbadmin@expretio.com,Distribution list,xodbadmin@mbuexpretio.onmicrosoft.com,Distribution list,2026-05-19 14:39:23 (UTC+00:00),2026-05-19 14:39:47 (UTC+00:00),Exceptions,"Some objects failed in the migration. For additional error details, click on the error tab at the top. Follow the recommendations on how to resolve and try to run the job again.",0,8,0,2,0,0,0,
xo-appia-product@expretio.com,Distribution list,xo-appia-product@mbuexpretio.onmicrosoft.com,Distribution list,2026-05-19 14:39:23 (UTC+00:00),2026-05-19 14:39:49 (UTC+00:00),Exceptions,"Some objects failed in the migration. For additional error details, click on the error tab at the top. Follow the recommendations on how to resolve and try to run the job again.",0,8,0,6,0,0,0,
xoall@expretio.com,Distribution list,xoall@mbuexpretio.onmicrosoft.com,Distribution list,2026-05-19 14:39:27 (UTC+00:00),2026-05-19 14:39:58 (UTC+00:00),Exceptions,"Some objects failed in the migration. For additional error details, click on the error tab at the top. Follow the recommendations on how to resolve and try to run the job again.",0,8,0,4,0,0,0,
xoalert-wazuh@expretio.com,Distribution list,xoalert-wazuh@mbuexpretio.onmicrosoft.com,Distribution list,2026-05-19 14:39:27 (UTC+00:00),2026-05-19 14:39:56 (UTC+00:00),Exceptions,"Some objects failed in the migration. For additional error details, click on the error tab at the top. Follow the recommendations on how to resolve and try to run the job again.",0,8,0,1,0,0,0,
xosocial@expretio.com,Distribution list,xosocial@mbuexpretio.onmicrosoft.com,Distribution list,2026-05-19 14:39:31 (UTC+00:00),2026-05-19 14:39:54 (UTC+00:00),Exceptions,"Some objects failed in the migration. For additional error details, click on the error tab at the top. Follow the recommendations on how to resolve and try to run the job again.",0,8,0,1,0,0,0,
xosec@expretio.com,Distribution list,xosec@mbuexpretio.onmicrosoft.com,Distribution list,2026-05-19 14:39:33 (UTC+00:00),2026-05-19 14:40:00 (UTC+00:00),Exceptions,"Some objects failed in the migration. For additional error details, click on the error tab at the top. Follow the recommendations on how to resolve and try to run the job again.",0,8,0,4,0,0,0,
support-transilien@expretio.com,Distribution list,support-transilien@mbuexpretio.onmicrosoft.com,Distribution list,2026-05-19 14:39:39 (UTC+00:00),2026-05-19 14:40:06 (UTC+00:00),Exceptions,"Some objects failed in the migration. For additional error details, click on the error tab at the top. Follow the recommendations on how to resolve and try to run the job again.",0,8,0,2,0,0,0,
support-xc@expretio.com,Distribution list,support-xc@mbuexpretio.onmicrosoft.com,Distribution list,2026-05-19 14:39:42 (UTC+00:00),2026-05-19 14:40:22 (UTC+00:00),Exceptions,"Some objects failed in the migration. For additional error details, click on the error tab at the top. Follow the recommendations on how to resolve and try to run the job again.",0,8,0,11,0,0,0,
support-wmt@expretio.com,Distribution list,support-wmt@mbuexpretio.onmicrosoft.com,Distribution list,2026-05-19 14:39:43 (UTC+00:00),2026-05-19 14:40:22 (UTC+00:00),Exceptions,"Some objects failed in the migration. For additional error details, click on the error tab at the top. Follow the recommendations on how to resolve and try to run the job again.",0,8,0,10,0,0,0,
support-westmidlandstrains-ext@expretio.com,Distribution list,support-westmidlandstrains-ext@mbuexpretio.onmicrosoft.com,Distribution list,2026-05-19 07:02:57 (UTC+00:00),2026-05-19 07:03:23 (UTC+00:00),Finished,,0,8,0,0,0,0,0,
support-vy@expretio.com,Distribution list,support-vy@mbuexpretio.onmicrosoft.com,Distribution list,2026-05-19 14:39:44 (UTC+00:00),2026-05-19 14:40:21 (UTC+00:00),Exceptions,"Some objects failed in the migration. For additional error details, click on the error tab at the top. Follow the recommendations on how to resolve and try to run the job again.",0,8,0,10,0,0,0,
support-tfw-ext@expretio.com,Distribution list,support-tfw-ext@mbuexpretio.onmicrosoft.com,Distribution list,2026-05-19 07:03:11 (UTC+00:00),2026-05-19 07:03:38 (UTC+00:00),Finished,,0,8,0,0,0,0,0,
support-tfw@expretio.com,Distribution list,support-tfw@mbuexpretio.onmicrosoft.com,Distribution list,2026-05-19 14:39:47 (UTC+00:00),2026-05-19 14:40:21 (UTC+00:00),Exceptions,"Some objects failed in the migration. For additional error details, click on the error tab at the top. Follow the recommendations on how to resolve and try to run the job again.",0,8,0,10,0,0,0,
support-thalys-ext@expretio.com,Distribution list,support-thalys-ext@mbuexpretio.onmicrosoft.com,Distribution list,2026-05-19 07:03:11 (UTC+00:00),2026-05-19 07:03:38 (UTC+00:00),Finished,,0,8,0,0,0,0,0,
support-thalys@expretio.com,Distribution list,support-thalys@mbuexpretio.onmicrosoft.com,Distribution list,2026-05-19 14:39:47 (UTC+00:00),2026-05-19 14:40:24 (UTC+00:00),Exceptions,"Some objects failed in the migration. For additional error details, click on the error tab at the top. Follow the recommendations on how to resolve and try to run the job again.",0,8,0,12,0,0,0,
support-sj-ext@expretio.com,Distribution list,support-sj-ext@mbuexpretio.onmicrosoft.com,Distribution list,2026-05-19 07:03:13 (UTC+00:00),2026-05-19 07:03:39 (UTC+00:00),Finished,,0,8,0,0,0,0,0,
support-grandcentral-ext@expretio.com,Distribution list,support-grandcentral-ext@mbuexpretio.onmicrosoft.com,Distribution list,2026-05-19 07:03:17 (UTC+00:00),2026-05-19 07:03:40 (UTC+00:00),Finished,,0,8,0,0,0,0,0,
licences@expretio.com,Shared mailbox,licences@mbuexpretio.onmicrosoft.com,Shared mailbox,2026-05-19 14:44:42 (UTC+00:00),2026-05-19 16:19:02 (UTC+00:00),Exceptions,"Some objects failed in the migration. For additional error details, click on the error tab at the top. Follow the recommendations on how to resolve and try to run the job again.",0.06,594,0,4,1,0,0,
support-gc@expretio.com,Distribution list,support-gc@mbuexpretio.onmicrosoft.com,Distribution list,2026-05-19 14:39:52 (UTC+00:00),2026-05-19 14:40:33 (UTC+00:00),Exceptions,"Some objects failed in the migration. For additional error details, click on the error tab at the top. Follow the recommendations on how to resolve and try to run the job again.",0,8,0,11,0,0,0,
support-ganordic-ext@expretio.com,Distribution list,support-ganordic-ext@mbuexpretio.onmicrosoft.com,Distribution list,2026-05-19 07:03:21 (UTC+00:00),2026-05-19 07:03:48 (UTC+00:00),Finished,,0,8,0,0,0,0,0,
support-ganordic@expretio.com,Distribution list,support-ganordic@mbuexpretio.onmicrosoft.com,Distribution list,2026-05-19 14:39:55 (UTC+00:00),2026-05-19 14:40:35 (UTC+00:00),Exceptions,"Some objects failed in the migration. For additional error details, click on the error tab at the top. Follow the recommendations on how to resolve and try to run the job again.",0,8,0,11,0,0,0,
support-elipsos_intl-ext@expretio.com,Distribution list,support-elipsos_intl-ext@mbuexpretio.onmicrosoft.com,Distribution list,2026-05-19 07:03:26 (UTC+00:00),2026-05-19 07:03:51 (UTC+00:00),Finished,,0,8,0,0,0,0,0,
support-crosscountry-ext@expretio.com,Distribution list,support-crosscountry-ext@mbuexpretio.onmicrosoft.com,Distribution list,2026-05-19 07:03:25 (UTC+00:00),2026-05-19 07:03:50 (UTC+00:00),Finished,,0,8,0,0,0,0,0,
support-ci-ext@expretio.com,Distribution list,support-ci-ext@mbuexpretio.onmicrosoft.com,Distribution list,2026-05-19 07:03:32 (UTC+00:00),2026-05-19 07:03:56 (UTC+00:00),Finished,,0,8,0,0,0,0,0,
support-ci@expretio.com,Distribution list,support-ci@mbuexpretio.onmicrosoft.com,Distribution list,2026-05-19 14:39:56 (UTC+00:00),2026-05-19 14:40:28 (UTC+00:00),Exceptions,"Some objects failed in the migration. For additional error details, click on the error tab at the top. Follow the recommendations on how to resolve and try to run the job again.",0,8,0,10,0,0,0,
support-chilternrailways-ext@expretio.com,Distribution list,support-chilternrailways-ext@mbuexpretio.onmicrosoft.com,Distribution list,2026-05-19 07:03:38 (UTC+00:00),2026-05-19 07:04:04 (UTC+00:00),Finished,,0,8,0,0,0,0,0,
support-chiltern@expretio.com,Distribution list,support-chiltern@mbuexpretio.onmicrosoft.com,Distribution list,2026-05-19 14:39:57 (UTC+00:00),2026-05-19 14:40:33 (UTC+00:00),Exceptions,"Some objects failed in the migration. For additional error details, click on the error tab at the top. Follow the recommendations on how to resolve and try to run the job again.",0,8,0,11,0,0,0,
support-centerparcs@expretio.com,Distribution list,support-centerparcs@mbuexpretio.onmicrosoft.com,Distribution list,2026-05-19 14:40:04 (UTC+00:00),2026-05-19 14:40:31 (UTC+00:00),Exceptions,"Some objects failed in the migration. For additional error details, click on the error tab at the top. Follow the recommendations on how to resolve and try to run the job again.",0,8,0,4,0,0,0,
support-arriva@expretio.com,Distribution list,support-arriva@mbuexpretio.onmicrosoft.com,Distribution list,2026-05-19 14:40:05 (UTC+00:00),2026-05-19 14:40:43 (UTC+00:00),Exceptions,"Some objects failed in the migration. For additional error details, click on the error tab at the top. Follow the recommendations on how to resolve and try to run the job again.",0,8,0,11,0,0,0,
support-amtrak@expretio.com,Distribution list,support-amtrak@mbuexpretio.onmicrosoft.com,Distribution list,2026-05-19 14:40:07 (UTC+00:00),2026-05-19 14:40:46 (UTC+00:00),Exceptions,"Some objects failed in the migration. For additional error details, click on the error tab at the top. Follow the recommendations on how to resolve and try to run the job again.",0,8,0,14,0,0,0,
support-ag-grid@expretio.com,Distribution list,support-ag-grid@mbuexpretio.onmicrosoft.com,Distribution list,2026-05-19 07:03:47 (UTC+00:00),2026-05-19 07:04:09 (UTC+00:00),Finished,,0,8,0,0,0,0,0,
suppliers@expretio.com,Distribution list,suppliers@mbuexpretio.onmicrosoft.com,Distribution list,2026-05-19 14:40:11 (UTC+00:00),2026-05-19 14:40:42 (UTC+00:00),Exceptions,"Some objects failed in the migration. For additional error details, click on the error tab at the top. Follow the recommendations on how to resolve and try to run the job again.",0,8,0,2,0,0,0,
smsi@expretio.com,Distribution list,smsi@mbuexpretio.onmicrosoft.com,Distribution list,2026-05-19 07:03:55 (UTC+00:00),2026-05-19 07:04:20 (UTC+00:00),Finished,,0,8,0,0,0,0,0,
security-incident@expretio.com,Distribution list,security-incident@mbuexpretio.onmicrosoft.com,Distribution list,2026-05-19 14:40:15 (UTC+00:00),2026-05-19 14:40:39 (UTC+00:00),Exceptions,"Some objects failed in the migration. For additional error details, click on the error tab at the top. Follow the recommendations on how to resolve and try to run the job again.",0,8,0,3,0,0,0,
product-requests@expretio.com,Distribution list,product-requests@mbuexpretio.onmicrosoft.com,Distribution list,2026-05-19 14:40:17 (UTC+00:00),2026-05-19 14:40:42 (UTC+00:00),Exceptions,"Some objects failed in the migration. For additional error details, click on the error tab at the top. Follow the recommendations on how to resolve and try to run the job again.",0,8,0,5,0,0,0,
oss@expretio.com,Distribution list,oss@mbuexpretio.onmicrosoft.com,Distribution list,2026-05-19 14:40:40 (UTC+00:00),2026-05-19 14:41:07 (UTC+00:00),Exceptions,"Some objects failed in the migration. For additional error details, click on the error tab at the top. Follow the recommendations on how to resolve and try to run the job again.",0,8,0,2,0,0,0,
nuova-contact@expretio.com,Distribution list,nuova-contact@mbuexpretio.onmicrosoft.com,Distribution list,2026-05-19 14:40:25 (UTC+00:00),2026-05-19 14:40:48 (UTC+00:00),Exceptions,"Some objects failed in the migration. For additional error details, click on the error tab at the top. Follow the recommendations on how to resolve and try to run the job again.",0,8,0,2,0,0,0,
appia-renfe-simul@expretio.com,Distribution list,appia-renfe-simul@mbuexpretio.onmicrosoft.com,Distribution list,2026-05-19 14:40:25 (UTC+00:00),2026-05-19 14:40:56 (UTC+00:00),Exceptions,"Some objects failed in the migration. For additional error details, click on the error tab at the top. Follow the recommendations on how to resolve and try to run the job again.",0,8,0,4,0,0,0,
appia-renfe-business-val@expretio.com,Distribution list,appia-renfe-business-val@mbuexpretio.onmicrosoft.com,Distribution list,2026-05-19 14:40:28 (UTC+00:00),2026-05-19 14:40:55 (UTC+00:00),Exceptions,"Some objects failed in the migration. For additional error details, click on the error tab at the top. Follow the recommendations on how to resolve and try to run the job again.",0,8,0,4,0,0,0,
analytics@expretio.com,Distribution list,analytics@mbuexpretio.onmicrosoft.com,Distribution list,2026-05-19 14:40:28 (UTC+00:00),2026-05-19 14:40:51 (UTC+00:00),Exceptions,"Some objects failed in the migration. For additional error details, click on the error tab at the top. Follow the recommendations on how to resolve and try to run the job again.",0,8,0,1,0,0,0,
accountsreceivable@expretio.com,Distribution list,accountsreceivable@mbuexpretio.onmicrosoft.com,Distribution list,2026-05-19 14:40:29 (UTC+00:00),2026-05-19 14:40:51 (UTC+00:00),Exceptions,"Some objects failed in the migration. For additional error details, click on the error tab at the top. Follow the recommendations on how to resolve and try to run the job again.",0,8,0,1,0,0,0,
accounting@expretio.com,Distribution list,accounting@mbuexpretio.onmicrosoft.com,Distribution list,2026-05-19 14:40:35 (UTC+00:00),2026-05-19 14:40:55 (UTC+00:00),Exceptions,"Some objects failed in the migration. For additional error details, click on the error tab at the top. Follow the recommendations on how to resolve and try to run the job again.",0,8,0,1,0,0,0,
salle.st-laurent@expretio.com,Resource mailbox,salle.st-laurent@mbuexpretio.onmicrosoft.com,Resource mailbox,2026-05-19 14:43:34 (UTC+00:00),2026-05-19 15:00:51 (UTC+00:00),Exceptions,"Some objects failed in the migration. For additional error details, click on the error tab at the top. Follow the recommendations on how to resolve and try to run the job again.", < 0.01,105,0,3,5,0,0,
xo-saas-doc@expretio.com,Distribution list,xo-saas-doc@mbuexpretio.onmicrosoft.com,Distribution list,2026-05-19 14:40:35 (UTC+00:00),2026-05-19 14:41:08 (UTC+00:00),Exceptions,"Some objects failed in the migration. For additional error details, click on the error tab at the top. Follow the recommendations on how to resolve and try to run the job again.",0,8,0,6,0,0,0,
xoalert@expretio.com,Distribution list,xoalert@mbuexpretio.onmicrosoft.com,Distribution list,2026-05-19 14:40:38 (UTC+00:00),2026-05-19 14:41:11 (UTC+00:00),Exceptions,"Some objects failed in the migration. For additional error details, click on the error tab at the top. Follow the recommendations on how to resolve and try to run the job again.",0,8,0,6,0,0,0,
xoadmin@expretio.com,Distribution list,xoadmin@mbuexpretio.onmicrosoft.com,Distribution list,2026-05-19 14:40:38 (UTC+00:00),2026-05-19 14:41:01 (UTC+00:00),Exceptions,"Some objects failed in the migration. For additional error details, click on the error tab at the top. Follow the recommendations on how to resolve and try to run the job again.",0,8,0,4,0,0,0,
xocial@expretio.com,Shared mailbox,xocial@mbuexpretio.onmicrosoft.com,Shared mailbox,2026-05-19 14:44:08 (UTC+00:00),2026-05-19 16:13:47 (UTC+00:00),Exceptions,"Some objects failed in the migration. For additional error details, click on the error tab at the top. Follow the recommendations on how to resolve and try to run the job again.",0.13,619,0,12,51,0,0,
xoatlas@expretio.com,Shared mailbox,xoatlas@mbuexpretio.onmicrosoft.com,Shared mailbox,2026-05-19 14:44:09 (UTC+00:00),2026-05-19 15:00:22 (UTC+00:00),Exceptions,"Some objects failed in the migration. For additional error details, click on the error tab at the top. Follow the recommendations on how to resolve and try to run the job again.",0.01,88,0,2,1,0,0,
webmaster@expretio.com,Shared mailbox,webmaster@mbuexpretio.onmicrosoft.com,Shared mailbox,2026-05-19 14:44:11 (UTC+00:00),2026-05-19 16:25:09 (UTC+00:00),Exceptions,"Some objects failed in the migration. For additional error details, click on the error tab at the top. Follow the recommendations on how to resolve and try to run the job again.",2.86,5842,0,2,1,0,0,
tripspark@expretio.com,Shared mailbox,tripspark@mbuexpretio.onmicrosoft.com,Shared mailbox,2026-05-19 14:44:08 (UTC+00:00),2026-05-19 15:00:36 (UTC+00:00),Exceptions,"Some objects failed in the migration. For additional error details, click on the error tab at the top. Follow the recommendations on how to resolve and try to run the job again.",0.01,106,0,2,1,0,0,
trips@expretio.com,Shared mailbox,trips@mbuexpretio.onmicrosoft.com,Shared mailbox,2026-05-19 14:44:08 (UTC+00:00),2026-05-19 15:01:35 (UTC+00:00),Exceptions,"Some objects failed in the migration. For additional error details, click on the error tab at the top. Follow the recommendations on how to resolve and try to run the job again.", < 0.01,86,0,10,1,0,0,
teletravail-etranger@expretio.com,Shared mailbox,teletravail-etranger@mbuexpretio.onmicrosoft.com,Shared mailbox,2026-05-19 14:44:08 (UTC+00:00),2026-05-19 15:00:48 (UTC+00:00),Exceptions,"Some objects failed in the migration. For additional error details, click on the error tab at the top. Follow the recommendations on how to resolve and try to run the job again.",0.01,88,0,12,1,0,0,
system.admin@expretio.com,Shared mailbox,system.admin@mbuexpretio.onmicrosoft.com,Shared mailbox,2026-05-19 14:44:10 (UTC+00:00),2026-05-21 05:09:30 (UTC+00:00),Exceptions,"Some objects failed in the migration. For additional error details, click on the error tab at the top. Follow the recommendations on how to resolve and try to run the job again.",17.72,429476,0,2,1,0,0,
planner@expretio.com,Shared mailbox,planner@mbuexpretio.onmicrosoft.com,Shared mailbox,2026-05-19 14:44:08 (UTC+00:00),2026-05-19 15:07:40 (UTC+00:00),Exceptions,"Some objects failed in the migration. For additional error details, click on the error tab at the top. Follow the recommendations on how to resolve and try to run the job again.",0.14,2189,0,43,1,0,0,
espace.commercial@expretio.com,Resource mailbox,espace.commercial@mbuexpretio.onmicrosoft.com,Resource mailbox,2026-05-19 14:44:11 (UTC+00:00),2026-05-19 15:01:14 (UTC+00:00),Exceptions,"Some objects failed in the migration. For additional error details, click on the error tab at the top. Follow the recommendations on how to resolve and try to run the job again.", < 0.01,96,0,3,1,0,0,
EntrevuesExpretioTechnologies@expretio.com,Resource mailbox,EntrevuesTechnologies@mbuexpretio.onmicrosoft.com,Resource mailbox,2026-05-19 14:44:11 (UTC+00:00),2026-05-19 15:01:31 (UTC+00:00),Exceptions,"Some objects failed in the migration. For additional error details, click on the error tab at the top. Follow the recommendations on how to resolve and try to run the job again.", < 0.01,102,0,2,1,0,0,
privacy@volarisgroup.com,Shared mailbox,privacy@mbuexpretio.onmicrosoft.com,Shared mailbox,2026-05-19 14:44:10 (UTC+00:00),2026-05-19 15:58:30 (UTC+00:00),Exceptions,"Some objects failed in the migration. For additional error details, click on the error tab at the top. Follow the recommendations on how to resolve and try to run the job again.",0.91,8074,0,9,1,0,0,
postmaster@volarisgroup.com,Shared mailbox,postmaster@mbuexpretio.onmicrosoft.com,Shared mailbox,2026-05-19 14:44:41 (UTC+00:00),2026-05-19 21:46:09 (UTC+00:00),Exceptions,"Some objects failed in the migration. For additional error details, click on the error tab at the top. Follow the recommendations on how to resolve and try to run the job again.",8.07,116156,0,3,1,0,0,
xorars2@expretio.com,Distribution list,xorars2@mbuexpretio.onmicrosoft.com,Distribution list,2026-05-19 14:40:41 (UTC+00:00),2026-05-19 14:41:21 (UTC+00:00),Exceptions,"Some objects failed in the migration. For additional error details, click on the error tab at the top. Follow the recommendations on how to resolve and try to run the job again.",0,8,0,10,0,0,0,
xoqa@expretio.com,Distribution list,xoqa@mbuexpretio.onmicrosoft.com,Distribution list,2026-05-19 14:40:46 (UTC+00:00),2026-05-19 14:41:20 (UTC+00:00),Exceptions,"Some objects failed in the migration. For additional error details, click on the error tab at the top. Follow the recommendations on how to resolve and try to run the job again.",0,8,0,7,0,0,0,
tender-dsb@expretio.com,Distribution list,tender-dsb@mbuexpretio.onmicrosoft.com,Distribution list,2026-05-19 07:04:32 (UTC+00:00),2026-05-19 07:04:54 (UTC+00:00),Finished,,0,8,0,0,0,0,0,
support-renfe-remedy@expretio.com,Distribution list,support-renfe-remedy@mbuexpretio.onmicrosoft.com,Distribution list,2026-05-19 14:40:47 (UTC+00:00),2026-05-19 14:41:14 (UTC+00:00),Exceptions,"Some objects failed in the migration. For additional error details, click on the error tab at the top. Follow the recommendations on how to resolve and try to run the job again.",0,8,0,1,0,0,0,
support-renfe-ext@expretio.com,Distribution list,support-renfe-ext@mbuexpretio.onmicrosoft.com,Distribution list,2026-05-19 07:04:36 (UTC+00:00),2026-05-19 07:05:03 (UTC+00:00),Finished,,0,8,0,0,0,0,0,
salle.parc@expretio.com,Resource mailbox,salle.parc@mbuexpretio.onmicrosoft.com,Resource mailbox,2026-05-19 14:44:42 (UTC+00:00),2026-05-19 17:15:29 (UTC+00:00),Exceptions,"Some objects failed in the migration. For additional error details, click on the error tab at the top. Follow the recommendations on how to resolve and try to run the job again.",0.16,6489,0,203,11785,0,0,
support-renfe@expretio.com,Distribution list,support-renfe@mbuexpretio.onmicrosoft.com,Distribution list,2026-05-19 14:40:48 (UTC+00:00),2026-05-19 14:41:27 (UTC+00:00),Exceptions,"Some objects failed in the migration. For additional error details, click on the error tab at the top. Follow the recommendations on how to resolve and try to run the job again.",0,8,0,12,0,0,0,
support-redcoach@expretio.com,Distribution list,support-redcoach@mbuexpretio.onmicrosoft.com,Distribution list,2026-05-19 14:40:51 (UTC+00:00),2026-05-19 14:41:32 (UTC+00:00),Exceptions,"Some objects failed in the migration. For additional error details, click on the error tab at the top. Follow the recommendations on how to resolve and try to run the job again.",0,8,0,11,0,0,0,
support-rars2@expretio.com,Distribution list,support-rars2@mbuexpretio.onmicrosoft.com,Distribution list,2026-05-19 14:40:53 (UTC+00:00),2026-05-19 14:41:21 (UTC+00:00),Exceptions,"Some objects failed in the migration. For additional error details, click on the error tab at the top. Follow the recommendations on how to resolve and try to run the job again.",0,8,0,1,0,0,0,
support-oebb@expretio.com,Distribution list,support-oebb@mbuexpretio.onmicrosoft.com,Distribution list,2026-05-19 14:40:56 (UTC+00:00),2026-05-19 14:41:33 (UTC+00:00),Exceptions,"Some objects failed in the migration. For additional error details, click on the error tab at the top. Follow the recommendations on how to resolve and try to run the job again.",0,8,0,12,0,0,0,
support-nrs@expretio.com,Distribution list,support-nrs@mbuexpretio.onmicrosoft.com,Distribution list,2026-05-19 14:41:00 (UTC+00:00),2026-05-19 14:41:21 (UTC+00:00),Exceptions,"Some objects failed in the migration. For additional error details, click on the error tab at the top. Follow the recommendations on how to resolve and try to run the job again.",0,8,0,1,0,0,0,
support-northern-ext@expretio.com,Distribution list,support-northern-ext@mbuexpretio.onmicrosoft.com,Distribution list,2026-05-19 07:04:54 (UTC+00:00),2026-05-19 07:05:18 (UTC+00:00),Finished,,0,8,0,0,0,0,0,
support-northern@expretio.com,Distribution list,support-northern@mbuexpretio.onmicrosoft.com,Distribution list,2026-05-19 14:41:02 (UTC+00:00),2026-05-19 14:41:41 (UTC+00:00),Exceptions,"Some objects failed in the migration. For additional error details, click on the error tab at the top. Follow the recommendations on how to resolve and try to run the job again.",0,8,0,11,0,0,0,
