Source URL,Source object level,Destination URL,Destination object level,Last job start time,Last job end time,Last job status,Last job comment,Migrated size (GB),Successful objects,Objects with exceptions,Error objects,Skipped objects,Filtered out objects,Objects with ignored errors,Comment
https://ourvolaris.sharepoint.com/sites/GRPUserfeedbackrecordings-ExPretio-,Site collection,https://mbuexpretio.sharepoint.com/sites/GRPUserfeedbackrecordings,Site collection,2026-05-21 07:17:24 (UTC+00:00),2026-05-21 07:24:10 (UTC+00:00),Finished,, < 0.01,13,0,0,0,2,0,
https://ourvolaris.sharepoint.com/sites/GRPTestSNCFExPretio,Site collection,https://mbuexpretio.sharepoint.com/sites/GRPTestSNCF,Site collection,2026-05-21 07:17:23 (UTC+00:00),2026-05-21 08:18:23 (UTC+00:00),Exceptions,"Some objects failed in the migration. For additional error details, click on the error tab at the top. Follow the recommendations on how to resolve and try to run the job again.",50.34,2151,0,502,0,0,0,
https://ourvolaris.sharepoint.com/sites/GRPTerminaisons-ExPretio-,Site collection,https://mbuexpretio.sharepoint.com/sites/GRPTerminaisons,Site collection,2026-05-21 07:17:23 (UTC+00:00),2026-05-21 07:30:16 (UTC+00:00),Finished,, < 0.01,13,0,0,0,0,0,
https://ourvolaris.sharepoint.com/sites/GRPTaskPlanner-ExPretio-,Site collection,https://mbuexpretio.sharepoint.com/sites/GRPTaskPlanner,Site collection,2026-05-21 07:17:58 (UTC+00:00),2026-05-21 07:23:54 (UTC+00:00),Finished,, < 0.01,9,0,0,0,0,0,
https://ourvolaris.sharepoint.com/sites/GRPSysAdminExPretio,Site collection,https://mbuexpretio.sharepoint.com/sites/GRPSysAdmin,Site collection,2026-05-21 07:17:59 (UTC+00:00),2026-05-21 07:30:07 (UTC+00:00),Finished,, < 0.01,55,0,0,0,0,0,
https://ourvolaris.sharepoint.com/sites/GRPSupportExPretio,Site collection,https://mbuexpretio.sharepoint.com/sites/GRPSupport,Site collection,2026-05-21 07:17:59 (UTC+00:00),2026-05-21 08:41:42 (UTC+00:00),Exceptions,"Some objects failed in the migration. For additional error details, click on the error tab at the top. Follow the recommendations on how to resolve and try to run the job again.",0.22,22922,1,19,0,0,0,
https://ourvolaris.sharepoint.com/sites/GRPRARS2ExPretio,Site collection,https://mbuexpretio.sharepoint.com/sites/GRPRARS2,Site collection,2026-05-21 07:18:27 (UTC+00:00),2026-05-21 07:35:38 (UTC+00:00),Finished,,0.02,751,0,0,0,0,0,
https://ourvolaris.sharepoint.com/sites/GRPRapport-ExPretio-,Site collection,https://mbuexpretio.sharepoint.com/sites/GRPRapport,Site collection,2026-05-21 07:18:25 (UTC+00:00),2026-05-21 07:30:25 (UTC+00:00),Finished,,0.67,87,0,0,0,0,0,
https://ourvolaris.sharepoint.com/sites/GRPQL2extExPretio,Site collection,https://mbuexpretio.sharepoint.com/sites/GRPQL2ext,Site collection,2026-05-21 07:18:26 (UTC+00:00),2026-05-21 07:36:02 (UTC+00:00),Finished,, < 0.01,81,0,0,0,0,0,
https://ourvolaris.sharepoint.com/sites/GRPQL2_XOXCSExPretio,Site collection,https://mbuexpretio.sharepoint.com/sites/GRPQL2_XOXCS,Site collection,2026-05-21 07:18:28 (UTC+00:00),2026-05-21 07:29:11 (UTC+00:00),Finished,,0.08,237,0,0,0,0,0,
https://ourvolaris.sharepoint.com/sites/GRPQAExPretio,Site collection,https://mbuexpretio.sharepoint.com/sites/GRPQA,Site collection,2026-05-21 07:18:54 (UTC+00:00),2026-05-21 11:48:21 (UTC+00:00),Exceptions,"Some objects failed in the migration. For additional error details, click on the error tab at the top. Follow the recommendations on how to resolve and try to run the job again.",5.89,43100,0,367,0,0,0,
https://ourvolaris.sharepoint.com/sites/GRPQABusValExPretio,Site collection,https://mbuexpretio.sharepoint.com/sites/GRPQABusVal,Site collection,2026-05-21 07:18:55 (UTC+00:00),2026-05-21 07:31:25 (UTC+00:00),Finished,, < 0.01,331,0,0,0,0,0,
https://ourvolaris.sharepoint.com/sites/GRPProjetsRH-ExPretio-,Site collection,https://mbuexpretio.sharepoint.com/sites/GRPProjetsRH,Site collection,2026-05-21 07:19:26 (UTC+00:00),2026-05-21 07:39:33 (UTC+00:00),Finished,, < 0.01,9,0,0,0,0,0,
https://ourvolaris.sharepoint.com/sites/GRPPROJETS-ExPretio-,Site collection,https://mbuexpretio.sharepoint.com/sites/GRPPROJETS,Site collection,2026-05-21 07:19:29 (UTC+00:00),2026-05-21 07:39:35 (UTC+00:00),Finished,, < 0.01,13,0,0,0,0,0,
https://ourvolaris.sharepoint.com/sites/GRPProjetRH-ExPretio-,Site collection,https://mbuexpretio.sharepoint.com/sites/GRPProjetRH,Site collection,2026-05-21 07:19:31 (UTC+00:00),2026-05-21 07:31:17 (UTC+00:00),Finished,, < 0.01,13,0,0,0,0,0,
https://ourvolaris.sharepoint.com/sites/GRPProjetRecrutement-ExPretio-,Site collection,https://mbuexpretio.sharepoint.com/sites/GRPProjetRecrutement,Site collection,2026-05-21 07:19:31 (UTC+00:00),2026-05-21 07:41:50 (UTC+00:00),Exceptions,"Some objects failed in the migration. For additional error details, click on the error tab at the top. Follow the recommendations on how to resolve and try to run the job again.", < 0.01,12,1,0,0,0,0,
https://ourvolaris.sharepoint.com/sites/GRPProductExPretio-ProductManagement,Site collection,https://mbuexpretio.sharepoint.com/sites/GRPProduct-ProductManagement,Site collection,2026-05-21 07:19:29 (UTC+00:00),2026-05-21 07:42:44 (UTC+00:00),Exceptions,"Some objects failed in the migration. For additional error details, click on the error tab at the top. Follow the recommendations on how to resolve and try to run the job again.", < 0.01,54,2,0,0,0,0,
https://ourvolaris.sharepoint.com/sites/GRPProductExPretio-Fun,Site collection,https://mbuexpretio.sharepoint.com/sites/GRPProduct-Fun,Site collection,2026-05-21 07:19:30 (UTC+00:00),2026-05-21 07:40:41 (UTC+00:00),Exceptions,"Some objects failed in the migration. For additional error details, click on the error tab at the top. Follow the recommendations on how to resolve and try to run the job again.", < 0.01,14,2,0,0,0,0,
https://ourvolaris.sharepoint.com/sites/GRPProductExPretio,Site collection,https://mbuexpretio.sharepoint.com/sites/GRPProduct,Site collection,2026-05-21 07:19:30 (UTC+00:00),2026-05-21 10:45:53 (UTC+00:00),Exceptions,"Some objects failed in the migration. For additional error details, click on the error tab at the top. Follow the recommendations on how to resolve and try to run the job again.",207.86,43155,0,27585,0,0,0,
https://ourvolaris.sharepoint.com/sites/GRPPMO-ExPretio-,Site collection,https://mbuexpretio.sharepoint.com/sites/GRPPMO,Site collection,2026-05-21 07:19:31 (UTC+00:00),2026-05-21 07:39:24 (UTC+00:00),Finished,, < 0.01,39,0,0,0,0,0,
https://ourvolaris.sharepoint.com/sites/GRPPayrollItemsRodJonesPortfolio-CAN-ZOL-ExPretio,Site collection,https://mbuexpretio.sharepoint.com/sites/GRPPayrollItemsRodJonesPortfolio-CAN-ZOL-,Site collection,2026-05-21 07:19:31 (UTC+00:00),2026-05-21 07:36:16 (UTC+00:00),Exceptions,"Some objects failed in the migration. For additional error details, click on the error tab at the top. Follow the recommendations on how to resolve and try to run the job again.",0.04,212,1,0,0,0,0,
https://ourvolaris.sharepoint.com/sites/GRPOutlookCustomerManager-ExPretio-,Site collection,https://mbuexpretio.sharepoint.com/sites/GRPOutlookCustomerManager,Site collection,2026-05-21 07:19:31 (UTC+00:00),2026-05-21 07:30:11 (UTC+00:00),Exceptions,"Some objects failed in the migration. For additional error details, click on the error tab at the top. Follow the recommendations on how to resolve and try to run the job again.", < 0.01,15,1,0,0,0,0,
https://ourvolaris.sharepoint.com/sites/GRPOpsExPretio-Env.dedmo,Site collection,https://mbuexpretio.sharepoint.com/sites/GRPOps-Env.dedmo,Site collection,2026-05-21 07:19:31 (UTC+00:00),2026-05-21 07:39:42 (UTC+00:00),Exceptions,"Some objects failed in the migration. For additional error details, click on the error tab at the top. Follow the recommendations on how to resolve and try to run the job again.",0.02,105,1,0,0,0,0,
https://ourvolaris.sharepoint.com/sites/GRPOpsExPretio,Site collection,https://mbuexpretio.sharepoint.com/sites/GRPOps,Site collection,2026-05-21 07:19:29 (UTC+00:00),2026-05-21 09:08:19 (UTC+00:00),Exceptions,"Some objects failed in the migration. For additional error details, click on the error tab at the top. Follow the recommendations on how to resolve and try to run the job again.",2.38,6277,0,2149,0,0,0,
https://ourvolaris.sharepoint.com/sites/GRPOnboarding-pr-sentationdes-quipes-ExPretio-,Site collection,https://mbuexpretio.sharepoint.com/sites/GRPOnboarding-pr-sentationdes-quipes,Site collection,2026-05-21 07:20:05 (UTC+00:00),2026-05-21 07:41:20 (UTC+00:00),Exceptions,"Some objects failed in the migration. For additional error details, click on the error tab at the top. Follow the recommendations on how to resolve and try to run the job again.", < 0.01,11,2,0,0,0,0,
https://ourvolaris.sharepoint.com/sites/GRPSuividesabsences-ExPretio-,Site collection,https://mbuexpretio.sharepoint.com/sites/GRPSuividesabsences,Site collection,2026-05-21 07:20:03 (UTC+00:00),2026-05-21 07:39:35 (UTC+00:00),Finished,, < 0.01,13,0,0,0,0,0,
https://ourvolaris.sharepoint.com/sites/GRPstatuts-ExPretio-,Site collection,https://mbuexpretio.sharepoint.com/sites/GRPstatuts,Site collection,2026-05-21 07:20:04 (UTC+00:00),2026-05-21 07:30:50 (UTC+00:00),Finished,, < 0.01,13,0,0,0,0,0,
https://ourvolaris.sharepoint.com/sites/GRPSMSI-ExPretio-,Site collection,https://mbuexpretio.sharepoint.com/sites/GRPSMSI,Site collection,2026-05-21 07:20:05 (UTC+00:00),2026-05-21 08:41:43 (UTC+00:00),Exceptions,"Some objects failed in the migration. For additional error details, click on the error tab at the top. Follow the recommendations on how to resolve and try to run the job again.",10.06,7835,0,424,0,0,0,
https://ourvolaris.sharepoint.com/sites/GRPServicesClient-ExPretio-,Site collection,https://mbuexpretio.sharepoint.com/sites/GRPServicesClient,Site collection,2026-05-21 07:20:05 (UTC+00:00),2026-05-21 07:41:53 (UTC+00:00),Finished,,8.86,55,0,0,0,0,0,
https://ourvolaris.sharepoint.com/sites/GRPRevenueManagementTraining-ExPretio-,Site collection,https://mbuexpretio.sharepoint.com/sites/GRPRevenueManagementTraining,Site collection,2026-05-21 07:20:05 (UTC+00:00),2026-05-21 07:39:27 (UTC+00:00),Finished,,0.09,51,0,0,0,0,0,
https://ourvolaris.sharepoint.com/sites/GRPRessourceshumainesExPretio,Site collection,https://mbuexpretio.sharepoint.com/sites/GRPRessourceshumaines,Site collection,2026-05-21 07:20:06 (UTC+00:00),2026-05-21 10:01:25 (UTC+00:00),Exceptions,"Some objects failed in the migration. For additional error details, click on the error tab at the top. Follow the recommendations on how to resolve and try to run the job again.",33.87,46682,7,4011,0,0,0,
https://ourvolaris.sharepoint.com/sites/GRPReplicasforLabExPretio,Site collection,https://mbuexpretio.sharepoint.com/sites/GRPReplicasforLab,Site collection,2026-05-21 07:20:06 (UTC+00:00),2026-05-21 07:45:11 (UTC+00:00),Exceptions,"Some objects failed in the migration. For additional error details, click on the error tab at the top. Follow the recommendations on how to resolve and try to run the job again.",0.02,196,1,0,0,0,0,
https://ourvolaris.sharepoint.com/sites/GRPRenfeextExPretio,Site collection,https://mbuexpretio.sharepoint.com/sites/GRPRenfeext,Site collection,2026-05-21 07:20:05 (UTC+00:00),2026-05-21 07:45:16 (UTC+00:00),Exceptions,"Some objects failed in the migration. For additional error details, click on the error tab at the top. Follow the recommendations on how to resolve and try to run the job again.",0.08,270,1,230,0,0,0,
https://ourvolaris.sharepoint.com/sites/grpgestionclient-IntgrationXO,Site collection,https://mbuexpretio.sharepoint.com/sites/grpgestionclient-IntgrationXO,Site collection,2026-05-21 07:20:06 (UTC+00:00),2026-05-21 07:31:18 (UTC+00:00),Exceptions,"Some objects failed in the migration. For additional error details, click on the error tab at the top. Follow the recommendations on how to resolve and try to run the job again.", < 0.01,14,1,0,0,0,0,
https://ourvolaris.sharepoint.com/sites/grpgestionclient-AppiaV,Site collection,https://mbuexpretio.sharepoint.com/sites/grpgestionclient-AppiaV,Site collection,2026-05-21 07:20:06 (UTC+00:00),2026-05-21 07:41:29 (UTC+00:00),Exceptions,"Some objects failed in the migration. For additional error details, click on the error tab at the top. Follow the recommendations on how to resolve and try to run the job again.", < 0.01,16,1,0,0,0,0,
https://ourvolaris.sharepoint.com/sites/grpgestionclient-AmtrakDeployment,Site collection,https://mbuexpretio.sharepoint.com/sites/grpgestionclient-AmtrakDeployment,Site collection,2026-05-21 07:20:06 (UTC+00:00),2026-05-21 07:41:49 (UTC+00:00),Exceptions,"Some objects failed in the migration. For additional error details, click on the error tab at the top. Follow the recommendations on how to resolve and try to run the job again.", < 0.01,14,1,0,0,0,0,
https://ourvolaris.sharepoint.com/sites/grpgestionclient-Amtrak,Site collection,https://mbuexpretio.sharepoint.com/sites/grpgestionclient-Amtrak,Site collection,2026-05-21 07:20:06 (UTC+00:00),2026-05-21 07:35:56 (UTC+00:00),Exceptions,"Some objects failed in the migration. For additional error details, click on the error tab at the top. Follow the recommendations on how to resolve and try to run the job again.", < 0.01,5,1,0,0,0,0,
https://ourvolaris.sharepoint.com/sites/grpgestionclient-Alerteproduction,Site collection,https://mbuexpretio.sharepoint.com/sites/grpgestionclient-Alerteproduction,Site collection,2026-05-21 07:20:36 (UTC+00:00),2026-05-21 07:41:21 (UTC+00:00),Exceptions,"Some objects failed in the migration. For additional error details, click on the error tab at the top. Follow the recommendations on how to resolve and try to run the job again.", < 0.01,13,1,0,0,0,0,
https://ourvolaris.sharepoint.com/sites/grpgestionclient,Site collection,https://mbuexpretio.sharepoint.com/sites/grpgestionclient,Site collection,2026-05-21 07:20:38 (UTC+00:00),2026-05-21 17:07:06 (UTC+00:00),Exceptions,"Some objects failed in the migration. For additional error details, click on the error tab at the top. Follow the recommendations on how to resolve and try to run the job again.",1334.31,86355,2,7949,0,0,0,
https://ourvolaris.sharepoint.com/sites/GRPFront-endDevwebExPretio,Site collection,https://mbuexpretio.sharepoint.com/sites/GRPFront-endDevweb,Site collection,2026-05-21 07:20:39 (UTC+00:00),2026-05-21 07:57:19 (UTC+00:00),Exceptions,"Some objects failed in the migration. For additional error details, click on the error tab at the top. Follow the recommendations on how to resolve and try to run the job again.",6.57,3241,0,4317,0,0,0,
https://ourvolaris.sharepoint.com/sites/GRPFormation-ExPretio-,Site collection,https://mbuexpretio.sharepoint.com/sites/GRPFormation,Site collection,2026-05-21 07:20:42 (UTC+00:00),2026-05-21 07:31:20 (UTC+00:00),Finished,, < 0.01,33,0,0,0,0,0,
https://ourvolaris.sharepoint.com/sites/GRPForecastExPretio,Site collection,https://mbuexpretio.sharepoint.com/sites/GRPForecast,Site collection,2026-05-21 07:20:40 (UTC+00:00),2026-05-21 07:48:58 (UTC+00:00),Exceptions,"Some objects failed in the migration. For additional error details, click on the error tab at the top. Follow the recommendations on how to resolve and try to run the job again.", < 0.01,152,4,0,0,0,0,
https://ourvolaris.sharepoint.com/sites/GRPFinanceplannerExPretio,Site collection,https://mbuexpretio.sharepoint.com/sites/GRPFinanceplanner,Site collection,2026-05-21 07:20:41 (UTC+00:00),2026-05-21 07:41:54 (UTC+00:00),Exceptions,"Some objects failed in the migration. For additional error details, click on the error tab at the top. Follow the recommendations on how to resolve and try to run the job again.", < 0.01,34,1,0,0,0,0,
https://ourvolaris.sharepoint.com/sites/GRPDoc-ExPretio-,Site collection,https://mbuexpretio.sharepoint.com/sites/GRPDoc,Site collection,2026-05-21 07:20:42 (UTC+00:00),2026-05-21 08:09:22 (UTC+00:00),Finished,,1.17,1176,0,0,0,0,0,
https://ourvolaris.sharepoint.com/sites/GRPDirection-ExPretio-,Site collection,https://mbuexpretio.sharepoint.com/sites/GRPDirection,Site collection,2026-05-21 07:20:42 (UTC+00:00),2026-05-21 12:26:01 (UTC+00:00),Exceptions,"Some objects failed in the migration. For additional error details, click on the error tab at the top. Follow the recommendations on how to resolve and try to run the job again.",139.02,46904,0,6872,0,0,0,
https://ourvolaris.sharepoint.com/sites/GRPDevExPretio,Site collection,https://mbuexpretio.sharepoint.com/sites/GRPDev,Site collection,2026-05-21 07:20:41 (UTC+00:00),2026-05-21 09:46:28 (UTC+00:00),Exceptions,"Some objects failed in the migration. For additional error details, click on the error tab at the top. Follow the recommendations on how to resolve and try to run the job again.",46.46,4577,0,12669,0,1,0,
https://ourvolaris.sharepoint.com/sites/GRPDBAChapterExPretio,Site collection,https://mbuexpretio.sharepoint.com/sites/GRPDBAChapter,Site collection,2026-05-21 07:20:42 (UTC+00:00),2026-05-21 07:45:23 (UTC+00:00),Finished,,0.01,354,0,0,0,0,0,
https://ourvolaris.sharepoint.com/sites/GRPCrossCountryextExPretio,Site collection,https://mbuexpretio.sharepoint.com/sites/GRPCrossCountryext,Site collection,2026-05-21 07:20:41 (UTC+00:00),2026-05-21 07:47:50 (UTC+00:00),Exceptions,"Some objects failed in the migration. For additional error details, click on the error tab at the top. Follow the recommendations on how to resolve and try to run the job again.",0.24,208,0,308,0,0,0,
https://ourvolaris.sharepoint.com/sites/GRP-CRM-ExPretio,Site collection,https://mbuexpretio.sharepoint.com/sites/GRP-CRM-,Site collection,2026-05-21 07:20:41 (UTC+00:00),2026-05-21 07:44:51 (UTC+00:00),Exceptions,"Some objects failed in the migration. For additional error details, click on the error tab at the top. Follow the recommendations on how to resolve and try to run the job again.", < 0.01,144,2,0,0,0,0,
https://ourvolaris.sharepoint.com/sites/GRPCRM-ExPretio-,Site collection,https://mbuexpretio.sharepoint.com/sites/GRPCRM,Site collection,2026-05-21 07:21:02 (UTC+00:00),2026-05-21 07:25:26 (UTC+00:00),Finished,, < 0.01,14,0,0,0,0,0,
https://ourvolaris.sharepoint.com/sites/GRPCorruptionManagement-ExPretio-,Site collection,https://mbuexpretio.sharepoint.com/sites/GRPCorruptionManagement,Site collection,2026-05-21 07:21:04 (UTC+00:00),2026-05-21 07:47:21 (UTC+00:00),Finished,, < 0.01,21,0,0,0,0,0,
https://ourvolaris.sharepoint.com/sites/GRPCorporatif-ExPretio-,Site collection,https://mbuexpretio.sharepoint.com/sites/GRPCorporatif,Site collection,2026-05-22 10:56:17 (UTC+00:00),2026-05-23 10:41:24 (UTC+00:00),Exceptions,"Some objects failed in the migration. For additional error details, click on the error tab at the top. Follow the recommendations on how to resolve and try to run the job again.",10.59,34131,0,1,700,0,0,
https://ourvolaris.sharepoint.com/sites/GRPConnecteurEnturExPretio,Site collection,https://mbuexpretio.sharepoint.com/sites/GRPConnecteurEntur,Site collection,2026-05-21 07:21:04 (UTC+00:00),2026-05-21 07:41:22 (UTC+00:00),Finished,, < 0.01,183,0,0,0,0,0,
https://ourvolaris.sharepoint.com/sites/GRPCompetitionExPretio,Site collection,https://mbuexpretio.sharepoint.com/sites/GRPCompetition,Site collection,2026-05-21 07:21:15 (UTC+00:00),2026-05-21 07:29:30 (UTC+00:00),Finished,, < 0.01,88,0,0,0,0,0,
https://ourvolaris.sharepoint.com/sites/GRPCommercial-ExPretio-,Site collection,https://mbuexpretio.sharepoint.com/sites/GRPCommercial,Site collection,2026-05-23 09:35:08 (UTC+00:00),2026-05-23 09:37:30 (UTC+00:00),Exceptions,"Some objects failed in the migration. For additional error details, click on the error tab at the top. Follow the recommendations on how to resolve and try to run the job again.", < 0.01,7,2,0,0,0,0,
https://ourvolaris.sharepoint.com/sites/GRPCommercialExPretio,Site collection,https://mbuexpretio.sharepoint.com/sites/GRPCommercial,Site collection,2026-05-21 07:21:14 (UTC+00:00),2026-05-21 07:52:54 (UTC+00:00),Exceptions,"Some objects failed in the migration. For additional error details, click on the error tab at the top. Follow the recommendations on how to resolve and try to run the job again.",0.03,279,2,0,0,0,0,
https://ourvolaris.sharepoint.com/sites/GRPCalibrationExPretio,Site collection,https://mbuexpretio.sharepoint.com/sites/GRPCalibration,Site collection,2026-05-21 07:21:15 (UTC+00:00),2026-05-21 07:57:14 (UTC+00:00),Exceptions,"Some objects failed in the migration. For additional error details, click on the error tab at the top. Follow the recommendations on how to resolve and try to run the job again.",16.42,2745,0,56,0,0,0,
https://ourvolaris.sharepoint.com/sites/GRPCalibrationElipsosCORM2019-ExPretio-,Site collection,https://mbuexpretio.sharepoint.com/sites/GRPCalibrationElipsosCORM2019,Site collection,2026-05-21 07:21:13 (UTC+00:00),2026-05-21 07:35:56 (UTC+00:00),Finished,,0.01,53,0,0,0,0,0,
https://ourvolaris.sharepoint.com/sites/GRPCalibrationChilternRailways-ExPretio-,Site collection,https://mbuexpretio.sharepoint.com/sites/GRPCalibrationChilternRailways,Site collection,2026-05-21 07:21:16 (UTC+00:00),2026-05-21 07:35:54 (UTC+00:00),Finished,,0.01,40,0,0,0,0,0,
https://ourvolaris.sharepoint.com/sites/GRPcalib-ExPretio-,Site collection,https://mbuexpretio.sharepoint.com/sites/GRPcalib,Site collection,2026-05-21 07:21:16 (UTC+00:00),2026-05-21 07:45:36 (UTC+00:00),Exceptions,"Some objects failed in the migration. For additional error details, click on the error tab at the top. Follow the recommendations on how to resolve and try to run the job again.",0.55,41,1,0,0,0,0,
https://ourvolaris.sharepoint.com/sites/GRPBusinessContinuityPlan-ExPretio-,Site collection,https://mbuexpretio.sharepoint.com/sites/GRPBusinessContinuityPlan,Site collection,2026-05-21 07:21:16 (UTC+00:00),2026-05-21 07:36:10 (UTC+00:00),Finished,,0.14,221,0,0,0,0,0,
https://ourvolaris.sharepoint.com/sites/GRPBusDevSalesMktExPretio,Site collection,https://mbuexpretio.sharepoint.com/sites/GRPBusDevSalesMkt,Site collection,2026-05-21 07:21:16 (UTC+00:00),2026-05-21 07:30:19 (UTC+00:00),Finished,, < 0.01,271,0,0,0,0,0,
https://ourvolaris.sharepoint.com/sites/GRPOEBBextExPretio,Site collection,https://mbuexpretio.sharepoint.com/sites/GRPOEBBext,Site collection,2026-05-21 07:21:15 (UTC+00:00),2026-05-21 07:45:27 (UTC+00:00),Finished,,0.03,195,0,0,0,0,0,
https://ourvolaris.sharepoint.com/sites/GRPNuovaValidationExPretio,Site collection,https://mbuexpretio.sharepoint.com/sites/GRPNuovaValidation,Site collection,2026-05-21 07:21:36 (UTC+00:00),2026-05-21 07:44:56 (UTC+00:00),Finished,, < 0.01,228,0,0,0,0,0,
https://ourvolaris.sharepoint.com/sites/GRPNuovaTechExPretio,Site collection,https://mbuexpretio.sharepoint.com/sites/GRPNuovaTech,Site collection,2026-05-21 07:21:38 (UTC+00:00),2026-05-21 07:47:54 (UTC+00:00),Exceptions,"Some objects failed in the migration. For additional error details, click on the error tab at the top. Follow the recommendations on how to resolve and try to run the job again.",0.08,190,0,230,0,0,0,
https://ourvolaris.sharepoint.com/sites/GRPNuovaProductExPretio,Site collection,https://mbuexpretio.sharepoint.com/sites/GRPNuovaProduct,Site collection,2026-05-21 07:23:17 (UTC+00:00),2026-05-21 07:36:39 (UTC+00:00),Finished,,0.13,439,0,0,0,0,0,
https://ourvolaris.sharepoint.com/sites/GRPLeadconsuting-Userfeedback-ExPretio-,Site collection,https://mbuexpretio.sharepoint.com/sites/GRPLeadconsuting-Userfeedback,Site collection,2026-05-21 07:25:16 (UTC+00:00),2026-05-21 07:41:51 (UTC+00:00),Finished,,0.72,15,0,0,0,0,0,
https://ourvolaris.sharepoint.com/sites/GRPLabExPretio,Site collection,https://mbuexpretio.sharepoint.com/sites/GRPLab,Site collection,2026-05-21 07:25:18 (UTC+00:00),2026-05-21 09:34:00 (UTC+00:00),Exceptions,"Some objects failed in the migration. For additional error details, click on the error tab at the top. Follow the recommendations on how to resolve and try to run the job again.",131.62,21365,0,6679,0,0,0,
https://ourvolaris.sharepoint.com/sites/GRPKorailTrainingExPretio,Site collection,https://mbuexpretio.sharepoint.com/sites/GRPKorailTraining,Site collection,2026-05-21 07:27:48 (UTC+00:00),2026-05-21 07:37:17 (UTC+00:00),Finished,, < 0.01,97,0,0,0,0,0,
https://ourvolaris.sharepoint.com/sites/GRPIntegration-ExPretio-,Site collection,https://mbuexpretio.sharepoint.com/sites/GRPIntegration,Site collection,2026-05-21 07:29:37 (UTC+00:00),2026-05-21 07:43:10 (UTC+00:00),Finished,, < 0.01,13,0,0,0,0,0,
https://ourvolaris.sharepoint.com/sites/GRPIMMIGRATION-ExPretio-,Site collection,https://mbuexpretio.sharepoint.com/sites/GRPIMMIGRATION,Site collection,2026-05-21 07:31:22 (UTC+00:00),2026-05-21 07:54:30 (UTC+00:00),Finished,, < 0.01,13,0,0,0,0,0,
https://ourvolaris.sharepoint.com/sites/GRPHoros-XC-ODExPretio,Site collection,https://mbuexpretio.sharepoint.com/sites/GRPHoros-XC-OD,Site collection,2026-05-21 07:31:56 (UTC+00:00),2026-05-21 07:53:42 (UTC+00:00),Exceptions,"Some objects failed in the migration. For additional error details, click on the error tab at the top. Follow the recommendations on how to resolve and try to run the job again.",0.01,133,0,100,0,0,0,
https://ourvolaris.sharepoint.com/sites/GRPHEX_XOExPretio,Site collection,https://mbuexpretio.sharepoint.com/sites/GRPHEX_XO,Site collection,2026-05-21 07:31:58 (UTC+00:00),2026-05-21 07:48:26 (UTC+00:00),Exceptions,"Some objects failed in the migration. For additional error details, click on the error tab at the top. Follow the recommendations on how to resolve and try to run the job again.",0.21,63,0,63,0,0,0,
https://ourvolaris.sharepoint.com/sites/GRPGRPGestionnairesExPretioExPretio,Site collection,https://mbuexpretio.sharepoint.com/sites/GRPGRPGestionnaires,Site collection,2026-05-21 07:32:26 (UTC+00:00),2026-05-21 09:17:51 (UTC+00:00),Exceptions,"Some objects failed in the migration. For additional error details, click on the error tab at the top. Follow the recommendations on how to resolve and try to run the job again.",17.39,2997,0,546,0,0,0,
https://ourvolaris.sharepoint.com/sites/GRPGRPCRMExPretioExPretio,Site collection,https://mbuexpretio.sharepoint.com/sites/GRPGRPCRM,Site collection,2026-05-21 07:32:26 (UTC+00:00),2026-05-21 07:45:12 (UTC+00:00),Finished,, < 0.01,63,0,0,0,0,0,
https://ourvolaris.sharepoint.com/sites/grpgestionclient-SpcialitInnovation,Site collection,https://mbuexpretio.sharepoint.com/sites/grpgestionclient-SpcialitInnovation,Site collection,2026-05-21 07:32:27 (UTC+00:00),2026-05-21 07:47:32 (UTC+00:00),Exceptions,"Some objects failed in the migration. For additional error details, click on the error tab at the top. Follow the recommendations on how to resolve and try to run the job again.", < 0.01,13,1,0,0,0,0,
https://ourvolaris.sharepoint.com/sites/grpgestionclient-SpcialitFormation,Site collection,https://mbuexpretio.sharepoint.com/sites/grpgestionclient-SpcialitFormation,Site collection,2026-05-21 07:32:29 (UTC+00:00),2026-05-21 07:51:22 (UTC+00:00),Exceptions,"Some objects failed in the migration. For additional error details, click on the error tab at the top. Follow the recommendations on how to resolve and try to run the job again.", < 0.01,15,1,0,0,0,0,
https://ourvolaris.sharepoint.com/sites/grpgestionclient-Spcialitdata,Site collection,https://mbuexpretio.sharepoint.com/sites/grpgestionclient-Spcialitdata,Site collection,2026-05-21 07:34:01 (UTC+00:00),2026-05-21 07:47:34 (UTC+00:00),Exceptions,"Some objects failed in the migration. For additional error details, click on the error tab at the top. Follow the recommendations on how to resolve and try to run the job again.", < 0.01,15,1,1,0,0,0,
https://ourvolaris.sharepoint.com/sites/GRPBlueStars-ExPretioTransLoc,Site collection,https://mbuexpretio.sharepoint.com/sites/GRPBlueStars-TransLoc,Site collection,2026-05-21 07:34:01 (UTC+00:00),2026-05-21 07:51:43 (UTC+00:00),Exceptions,"Some objects failed in the migration. For additional error details, click on the error tab at the top. Follow the recommendations on how to resolve and try to run the job again.",0.04,59,0,181,0,0,0,
https://ourvolaris.sharepoint.com/sites/GRPBlueStars-ExPretio-MindtheBLQGAPTransLoc,Site collection,https://mbuexpretio.sharepoint.com/sites/GRPBlueStarsMindtheBLQGAPTransLoc,Site collection,2026-05-21 07:34:01 (UTC+00:00),2026-05-21 07:47:31 (UTC+00:00),Exceptions,"Some objects failed in the migration. For additional error details, click on the error tab at the top. Follow the recommendations on how to resolve and try to run the job again.", < 0.01,12,1,0,0,0,0,
https://ourvolaris.sharepoint.com/sites/GRPBB_XOSaaSmigrationExPretio,Site collection,https://mbuexpretio.sharepoint.com/sites/GRPBB_XOSaaSmigration,Site collection,2026-05-21 07:34:33 (UTC+00:00),2026-05-21 07:52:58 (UTC+00:00),Exceptions,"Some objects failed in the migration. For additional error details, click on the error tab at the top. Follow the recommendations on how to resolve and try to run the job again.", < 0.01,105,0,377,0,0,0,
https://ourvolaris.sharepoint.com/sites/GRPAudeaextExPretio,Site collection,https://mbuexpretio.sharepoint.com/sites/GRPAudeaext,Site collection,2026-05-21 07:36:17 (UTC+00:00),2026-05-21 07:51:33 (UTC+00:00),Finished,, < 0.01,44,0,0,0,0,0,
https://ourvolaris.sharepoint.com/sites/GRPAssurancescollectives-ExPretio-,Site collection,https://mbuexpretio.sharepoint.com/sites/GRPAssurancescollectives,Site collection,2026-05-21 07:38:40 (UTC+00:00),2026-05-21 07:53:07 (UTC+00:00),Exceptions,"Some objects failed in the migration. For additional error details, click on the error tab at the top. Follow the recommendations on how to resolve and try to run the job again.", < 0.01,7,0,1,0,0,0,
https://ourvolaris.sharepoint.com/sites/GRPArrivaextExPretio,Site collection,https://mbuexpretio.sharepoint.com/sites/GRPArrivaext,Site collection,2026-05-21 07:38:43 (UTC+00:00),2026-05-21 08:15:01 (UTC+00:00),Exceptions,"Some objects failed in the migration. For additional error details, click on the error tab at the top. Follow the recommendations on how to resolve and try to run the job again.",4.81,931,0,2,0,2,0,
https://ourvolaris.sharepoint.com/sites/GRPAppiav5BackendExPretio,Site collection,https://mbuexpretio.sharepoint.com/sites/GRPAppiav5Backend,Site collection,2026-05-21 07:39:10 (UTC+00:00),2026-05-21 07:57:12 (UTC+00:00),Exceptions,"Some objects failed in the migration. For additional error details, click on the error tab at the top. Follow the recommendations on how to resolve and try to run the job again.",0.04,175,0,305,0,0,0,
https://ourvolaris.sharepoint.com/sites/GRPAppiav5-ArchitectureExPretio,Site collection,https://mbuexpretio.sharepoint.com/sites/GRPAppiav5-Architecture,Site collection,2026-05-21 07:39:12 (UTC+00:00),2026-05-21 08:09:12 (UTC+00:00),Exceptions,"Some objects failed in the migration. For additional error details, click on the error tab at the top. Follow the recommendations on how to resolve and try to run the job again.",2.14,1485,0,554,0,0,0,
https://ourvolaris.sharepoint.com/sites/GRPXOTrainingVideos-ExPretio-,Site collection,https://mbuexpretio.sharepoint.com/sites/GRPXOTrainingVideos,Site collection,2026-05-21 07:39:21 (UTC+00:00),2026-05-21 07:54:26 (UTC+00:00),Finished,, < 0.01,9,0,0,0,0,0,
https://ourvolaris.sharepoint.com/sites/GRPXO-SOCIALExPretio,Site collection,https://mbuexpretio.sharepoint.com/sites/GRPXO-SOCIAL,Site collection,2026-05-21 07:39:32 (UTC+00:00),2026-05-21 08:47:40 (UTC+00:00),Exceptions,"Some objects failed in the migration. For additional error details, click on the error tab at the top. Follow the recommendations on how to resolve and try to run the job again.",13.8,5650,0,1,0,0,0,
https://ourvolaris.sharepoint.com/sites/GRPXoSocialactivities-ExPretio-,Site collection,https://mbuexpretio.sharepoint.com/sites/GRPXoSocialactivities,Site collection,2026-05-21 07:39:31 (UTC+00:00),2026-05-21 07:51:21 (UTC+00:00),Finished,, < 0.01,9,0,0,0,0,0,
https://ourvolaris.sharepoint.com/sites/GRPXOSOCCERExPretio,Site collection,https://mbuexpretio.sharepoint.com/sites/GRPXOSOCCER,Site collection,2026-05-21 07:39:39 (UTC+00:00),2026-05-21 07:53:22 (UTC+00:00),Finished,, < 0.01,140,0,0,0,0,0,
https://ourvolaris.sharepoint.com/sites/GRP-XO-CommercialExPretio,Site collection,https://mbuexpretio.sharepoint.com/sites/GRP-XO-Commercial,Site collection,2026-05-21 07:40:44 (UTC+00:00),2026-05-21 16:14:57 (UTC+00:00),Exceptions,"Some objects failed in the migration. For additional error details, click on the error tab at the top. Follow the recommendations on how to resolve and try to run the job again.",750.85,143284,64,163,0,0,0,
https://ourvolaris.sharepoint.com/sites/GRPXOcial-ExPretio-,Site collection,https://mbuexpretio.sharepoint.com/sites/GRPXOcial,Site collection,2026-05-21 07:40:43 (UTC+00:00),2026-05-21 08:51:26 (UTC+00:00),Exceptions,"Some objects failed in the migration. For additional error details, click on the error tab at the top. Follow the recommendations on how to resolve and try to run the job again.", < 0.01,1676,4,1344,0,0,0,
https://ourvolaris.sharepoint.com/sites/GRPXOALLExPretio,Site collection,https://mbuexpretio.sharepoint.com/sites/GRPXOALL,Site collection,2026-05-21 07:41:15 (UTC+00:00),2026-05-21 11:08:39 (UTC+00:00),Exceptions,"Some objects failed in the migration. For additional error details, click on the error tab at the top. Follow the recommendations on how to resolve and try to run the job again.",9.05,8541,0,2,0,0,0,
https://ourvolaris.sharepoint.com/sites/GRPXCS-PolyextExPretio,Site collection,https://mbuexpretio.sharepoint.com/sites/GRPXCS-Polyext,Site collection,2026-05-21 07:41:23 (UTC+00:00),2026-05-21 08:09:36 (UTC+00:00),Finished,,2.92,141,0,0,0,0,0,
https://ourvolaris.sharepoint.com/sites/GRPWMTExPretio,Site collection,https://mbuexpretio.sharepoint.com/sites/GRPWMT,Site collection,2026-05-21 07:41:30 (UTC+00:00),2026-05-21 08:00:37 (UTC+00:00),Exceptions,"Some objects failed in the migration. For additional error details, click on the error tab at the top. Follow the recommendations on how to resolve and try to run the job again.",3.02,24,0,343,0,0,0,
https://ourvolaris.sharepoint.com/sites/GRPVikingsExPretio,Site collection,https://mbuexpretio.sharepoint.com/sites/GRPVikings,Site collection,2026-05-21 07:41:27 (UTC+00:00),2026-05-21 10:07:39 (UTC+00:00),Exceptions,"Some objects failed in the migration. For additional error details, click on the error tab at the top. Follow the recommendations on how to resolve and try to run the job again.",3.8,5195,0,4966,0,0,0,
https://ourvolaris.sharepoint.com/sites/GRPVideoCentraldePasajes-ExPretio-,Site collection,https://mbuexpretio.sharepoint.com/sites/GRPVideoCentraldePasajes,Site collection,2026-05-21 07:43:16 (UTC+00:00),2026-05-21 07:57:19 (UTC+00:00),Finished,,0.04,16,0,0,0,0,0,
https://ourvolaris.sharepoint.com/sites/GRPV.I.E-ExPretio-,Site collection,https://mbuexpretio.sharepoint.com/sites/GRPV.I.E,Site collection,2026-05-21 07:43:20 (UTC+00:00),2026-05-21 08:00:27 (UTC+00:00),Finished,, < 0.01,13,0,0,0,0,0,
https://ourvolaris.sharepoint.com/sites/GRPFinance-PayrollCAD-ModaxoVolarisConsolidated-ZOL,Site collection,https://mbuexpretio.sharepoint.com/sites/GRPFinance-PayrollCAD-ModaxoVolarisConsolidated-ZOL,Site collection,2026-05-21 07:43:20 (UTC+00:00),2026-05-21 07:54:26 (UTC+00:00),Exceptions,"Some objects failed in the migration. For additional error details, click on the error tab at the top. Follow the recommendations on how to resolve and try to run the job again.",0.01,68,1,1,0,0,0,
https://ourvolaris.sharepoint.com/sites/GRPFinanceComptabilitoprationnelleExPretio,Site collection,https://mbuexpretio.sharepoint.com/sites/GRPFinanceComptabilitoprationnelle,Site collection,2026-05-21 07:43:19 (UTC+00:00),2026-05-21 07:56:50 (UTC+00:00),Finished,, < 0.01,10,0,0,0,0,0,
https://ourvolaris.sharepoint.com/sites/GRPExPretioITSecurity-PlannerRodJonesPortfolio,Site collection,https://mbuexpretio.sharepoint.com/sites/GRPITSecurity-PlannerRodJonesPortfolio,Site collection,2026-05-21 07:43:50 (UTC+00:00),2026-05-21 07:58:12 (UTC+00:00),Finished,, < 0.01,9,0,0,0,0,0,
https://ourvolaris.sharepoint.com/sites/GRPExpretio-IntegrationRodJonesPortfolio,Site collection,https://mbuexpretio.sharepoint.com/sites/GRP-IntegrationRodJonesPortfolio,Site collection,2026-05-21 07:43:51 (UTC+00:00),2026-05-21 07:57:10 (UTC+00:00),Exceptions,"Some objects failed in the migration. For additional error details, click on the error tab at the top. Follow the recommendations on how to resolve and try to run the job again.", < 0.01,7,1,0,0,0,0,
https://ourvolaris.sharepoint.com/sites/GRPExPretioIntegrationRodJonesPortfolio,Site collection,https://mbuexpretio.sharepoint.com/sites/GRPIntegrationRodJonesPortfolio,Site collection,2026-05-21 07:44:21 (UTC+00:00),2026-05-21 08:00:34 (UTC+00:00),Exceptions,"Some objects failed in the migration. For additional error details, click on the error tab at the top. Follow the recommendations on how to resolve and try to run the job again.",0.01,209,0,143,0,0,0,
https://ourvolaris.sharepoint.com/sites/GRPExPretioGlobalMarketAnalysisModaxo,Site collection,https://mbuexpretio.sharepoint.com/sites/GRPGlobalMarketAnalysisModaxo,Site collection,2026-05-21 07:44:20 (UTC+00:00),2026-05-21 08:00:37 (UTC+00:00),Exceptions,"Some objects failed in the migration. For additional error details, click on the error tab at the top. Follow the recommendations on how to resolve and try to run the job again.",0.03,336,0,84,0,0,0,
https://ourvolaris.sharepoint.com/sites/GRPExPretioExPretio,Site collection,https://mbuexpretio.sharepoint.com/sites/GRP,Site collection,2026-05-21 07:44:22 (UTC+00:00),2026-05-21 08:09:40 (UTC+00:00),Exceptions,"Some objects failed in the migration. For additional error details, click on the error tab at the top. Follow the recommendations on how to resolve and try to run the job again.", < 0.01,429,0,501,0,0,0,
https://ourvolaris.sharepoint.com/sites/GRPExpretioADOProjectExPretio,Site collection,https://mbuexpretio.sharepoint.com/sites/GRPADOProject,Site collection,2026-05-21 07:44:54 (UTC+00:00),2026-05-21 07:59:23 (UTC+00:00),Finished,, < 0.01,28,0,0,0,0,0,
https://ourvolaris.sharepoint.com/sites/GRPAppiaProductExPretio,Site collection,https://mbuexpretio.sharepoint.com/sites/GRPAppiaProduct,Site collection,2026-05-21 07:45:19 (UTC+00:00),2026-05-21 08:02:57 (UTC+00:00),Finished,, < 0.01,372,0,0,0,0,0,
https://ourvolaris.sharepoint.com/sites/GRPAmtrakPMExPretio,Site collection,https://mbuexpretio.sharepoint.com/sites/GRPAmtrakPM,Site collection,2026-05-21 07:45:20 (UTC+00:00),2026-05-21 07:58:32 (UTC+00:00),Exceptions,"Some objects failed in the migration. For additional error details, click on the error tab at the top. Follow the recommendations on how to resolve and try to run the job again.",0.01,158,0,1,0,0,0,
https://ourvolaris.sharepoint.com/sites/GRPAmtrakIntExPretio,Site collection,https://mbuexpretio.sharepoint.com/sites/GRPAmtrakInt,Site collection,2026-05-21 07:45:35 (UTC+00:00),2026-05-21 08:09:46 (UTC+00:00),Finished,,12.14,920,0,0,0,0,0,
https://ourvolaris.sharepoint.com/sites/GRPAmtrakextExPretio-RM,Site collection,https://mbuexpretio.sharepoint.com/sites/GRPAmtrakext-RM,Site collection,2026-05-21 07:47:36 (UTC+00:00),2026-05-21 08:03:16 (UTC+00:00),Exceptions,"Some objects failed in the migration. For additional error details, click on the error tab at the top. Follow the recommendations on how to resolve and try to run the job again.",0.06,377,1,0,0,0,0,
https://ourvolaris.sharepoint.com/sites/GRPAmtrakextExPretio-NGRProject,Site collection,https://mbuexpretio.sharepoint.com/sites/GRPAmtrakext-NGRProject,Site collection,2026-05-21 07:47:39 (UTC+00:00),2026-05-21 07:58:22 (UTC+00:00),Exceptions,"Some objects failed in the migration. For additional error details, click on the error tab at the top. Follow the recommendations on how to resolve and try to run the job again.", < 0.01,4,1,0,0,0,0,
https://ourvolaris.sharepoint.com/sites/GRPAmtrakextExPretio-IT,Site collection,https://mbuexpretio.sharepoint.com/sites/GRPAmtrakext-IT,Site collection,2026-05-21 07:47:55 (UTC+00:00),2026-05-21 08:04:31 (UTC+00:00),Exceptions,"Some objects failed in the migration. For additional error details, click on the error tab at the top. Follow the recommendations on how to resolve and try to run the job again.",0.09,160,1,0,0,0,0,
https://ourvolaris.sharepoint.com/sites/GRPAmtrakextExPretio,Site collection,https://mbuexpretio.sharepoint.com/sites/GRPAmtrakext,Site collection,2026-05-21 07:47:59 (UTC+00:00),2026-05-21 08:06:42 (UTC+00:00),Exceptions,"Some objects failed in the migration. For additional error details, click on the error tab at the top. Follow the recommendations on how to resolve and try to run the job again.", < 0.01,236,1,149,0,0,0,
https://ourvolaris.sharepoint.com/sites/GRPAlternativehbergementExPretio,Site collection,https://mbuexpretio.sharepoint.com/sites/GRPAlternativehbergement,Site collection,2026-05-21 07:48:34 (UTC+00:00),2026-05-21 08:03:06 (UTC+00:00),Finished,, < 0.01,22,0,0,0,0,0,
https://ourvolaris.sharepoint.com/sites/GRPABO_Shared-ExPretio-,Site collection,https://mbuexpretio.sharepoint.com/sites/GRPABO_Shared,Site collection,2026-05-21 07:48:40 (UTC+00:00),2026-05-21 07:59:05 (UTC+00:00),Finished,, < 0.01,13,0,0,0,0,0,
https://ourvolaris.sharepoint.com/sites/ExPretio-StreamVideos,Site collection,https://mbuexpretio.sharepoint.com/sites/-StreamVideos,Site collection,2026-05-21 07:48:39 (UTC+00:00),2026-05-21 08:02:59 (UTC+00:00),Finished,,2.82,21,0,0,0,0,0,
https://ourvolaris.sharepoint.com/sites/ExPretio,Site collection,https://mbuexpretio.sharepoint.com/sites/expretio,Site collection,2026-05-21 07:49:01 (UTC+00:00),2026-05-21 07:50:53 (UTC+00:00),Failed,Failed to migrate the object. The connection to the Microsoft 365 tenant may be throttled. You can rerun the migration job later.,0,0,0,1,0,0,0,
